hand_number,datetime,players_count,big_blind,small_blind,limps,raises,postflop_players,pot_preflop,SPR_flop,pot_flop,top_card_flop,paired_flop,connected_flop,top_connected_flop,rainbow_flop,two_tone_flop,monotone_flop,straight_chance_flop,flush_chance_flop,SPR_turn,pot_turn,top_card_turn,paired_turn,trips_turn,connected_turn,top_connected_turn,rainbow_turn,two_tone_turn,monotone_turn,straight_chance_turn,flush_chance_turn,nut_changing_turn,SPR_river,pot_river,top_card_river,paired_river,trips_river,connected_river,top_connected_river,rainbow_river,two_tone_river,monotone_river,straight_chance_river,flush_chance_river,nut_changing_river,player_name,reached_showdown,preflop_raiser,table_vpip,position,3bet_freq,PnL,bet_size_flop,raise_size_flop,bettor_flop,raiser_flop,caller_flop,folder_flop,top_card_hand,bottom_card_hand,paired_hand,connected_hand,draw_count_flop,backdoor_flush_flop,backdoor_straight_flop,nut_blocker_flop,unblocker_flop,trash_flop,bluff_flop,semibluff_flop,bluffcatch_flop,value_flop,nuts_flop,bet_size_turn,raise_size_turn,bettor_turn,raiser_turn,caller_turn,folder_turn,draw_count_turn,nut_blocker_turn,unblocker_turn,trash_turn,bluff_turn,semibluff_turn,bluffcatch_turn,value_turn,nuts_turn,improved_hand_turn,bet_size_river,raise_size_river,bettor_river,raiser_river,caller_river,folder_river,nut_blocker_river,unblocker_river,trash_river,bluff_river,bluffcatch_river,value_river,nuts_river,improved_hand_river
256121573819,2025-05-13 05:05:27,8,2.0,1.0,0,0,1,1.0,-1.0,-1.0,-1,-1,-1,-1,-1,-1,-1,-1,-1,-1.0,-1.0,-1,-1,-1,-1,-1,-1,-1,-1,-1,-1,-1,-1.0,-1.0,-1,-1,-1,-1,-1,-1,-1,-1,-1,-1,-1,alexnem98,0,0,0.0,1,0.0,0.5,-1.0,-1.0,-1,-1,-1,-1,-1,-1,-1,-1,-1,-1,-1,-1,-1,-1,-1,-1,-1,-1,-1,-1.0,-1.0,-1,-1,-1,-1,-1,-1,-1,-1,-1,-1,-1,-1,-1,-1,-1.0,-1.0,-1,-1,-1,-1,-1,-1,-1,-1,-1,-1,-1,-1
256121575321,2025-05-13 05:05:45,8,2.0,1.0,0,1,1,2.5,-1.0,-1.0,-1,-1,-1,-1,-1,-1,-1,-1,-1,-1.0,-1.0,-1,-1,-1,-1,-1,-1,-1,-1,-1,-1,-1,-1.0,-1.0,-1,-1,-1,-1,-1,-1,-1,-1,-1,-1,-1,RoadPumpkin,0,1,0.5,1,0.0,1.5,-1.0,-1.0,-1,-1,-1,-1,-1,-1,-1,-1,-1,-1,-1,-1,-1,-1,-1,-1,-1,-1,-1,-1.0,-1.0,-1,-1,-1,-1,-1,-1,-1,-1,-1,-1,-1,-1,-1,-1,-1.0,-1.0,-1,-1,-1,-1,-1,-1,-1,-1,-1,-1,-1,-1
256121577810,2025-05-13 05:06:14,8,2.0,1.0,0,3,2,35.5,0.9780281690140845,104.94,10,0,1,7,0,1,0,1,0,0.0,104.94,12,0,0,1,7,0,1,0,1,0,1,0.0,104.94,12,0,0,1,7,0,1,0,1,0,0,Tocmihail,1,1,0.3333333333333333,0,0.3333333333333333,53.22,0.9859154929577465,0.0,1,0,0,0,13,13,1,0,0,0,1,0,0,0,0,0,0,1,0,0.0,0.0,0,0,0,0,0,0,0,0,0,0,0,1,0,0,0.0,0.0,0,0,0,0,0,0,0,0,0,1,0,0
256121577810,2025-05-13 05:06:14,8,2.0,1.0,0,3,2,35.5,0.9780281690140845,104.94,10,0,1,7,0,1,0,1,0,0.0,104.94,12,0,0,1,7,0,1,0,1,0,1,0.0,104.94,12,0,0,1,7,0,1,0,1,0,0,peti762010,1,0,0.3333333333333333,1,0.3333333333333333,-51.72,0.0,0.0,0,0,1,0,13,4,0,0,9,0,1,0,0,0,0,1,0,0,0,0.0,0.0,0,0,0,0,9,0,0,0,0,1,0,0,0,0,0.0,0.0,0,0,0,0,0,0,0,0,1,0,0,1
256121582876,2025-05-13 05:07:15,7,2.0,1.0,0,1,1,2.5,-1.0,-1.0,-1,-1,-1,-1,-1,-1,-1,-1,-1,-1.0,-1.0,-1,-1,-1,-1,-1,-1,-1,-1,-1,-1,-1,-1.0,-1.0,-1,-1,-1,-1,-1,-1,-1,-1,-1,-1,-1,RoadPumpkin,0,1,0.5,1,0.0,1.5,-1.0,-1.0,-1,-1,-1,-1,-1,-1,-1,-1,-1,-1,-1,-1,-1,-1,-1,-1,-1,-1,-1,-1.0,-1.0,-1,-1,-1,-1,-1,-1,-1,-1,-1,-1,-1,-1,-1,-1,-1.0,-1.0,-1,-1,-1,-1,-1,-1,-1,-1,-1,-1,-1,-1
256121584307,2025-05-13 05:07:32,8,2.0,1.0,0,2,1,6.0,-1.0,-1.0,-1,-1,-1,-1,-1,-1,-1,-1,-1,-1.0,-1.0,-1,-1,-1,-1,-1,-1,-1,-1,-1,-1,-1,-1.0,-1.0,-1,-1,-1,-1,-1,-1,-1,-1,-1,-1,-1,Joker007r,0,1,1.0,1,1.0,3.0,-1.0,-1.0,-1,-1,-1,-1,-1,-1,-1,-1,-1,-1,-1,-1,-1,-1,-1,-1,-1,-1,-1,-1.0,-1.0,-1,-1,-1,-1,-1,-1,-1,-1,-1,-1,-1,-1,-1,-1,-1.0,-1.0,-1,-1,-1,-1,-1,-1,-1,-1,-1,-1,-1,-1
256121588243,2025-05-13 05:08:18,9,2.0,1.0,0,1,2,5.5,14.293636363636363,5.5,13,0,0,0,0,1,0,0,0,-1.0,-1.0,-1,-1,-1,-1,-1,-1,-1,-1,-1,-1,-1,-1.0,-1.0,-1,-1,-1,-1,-1,-1,-1,-1,-1,-1,-1,AAnimeLLove,0,1,0.16666666666666666,1,0.0,-2.5,0.0,0.0,0,0,0,1,-1,-1,-1,-1,-1,-1,-1,-1,-1,-1,-1,-1,-1,-1,-1,-1.0,-1.0,-1,-1,-1,-1,-1,-1,-1,-1,-1,-1,-1,-1,-1,-1,-1.0,-1.0,-1,-1,-1,-1,-1,-1,-1,-1,-1,-1,-1,-1
256121588243,2025-05-13 05:08:18,9,2.0,1.0,0,1,2,5.5,14.293636363636363,5.5,13,0,0,0,0,1,0,0,0,-1.0,-1.0,-1,-1,-1,-1,-1,-1,-1,-1,-1,-1,-1,-1.0,-1.0,-1,-1,-1,-1,-1,-1,-1,-1,-1,-1,-1,peti762010,0,0,0.5,0,0.25,3.0,0.7272727272727273,0.0,1,0,0,0,-1,-1,-1,-1,-1,-1,-1,-1,-1,-1,-1,-1,-1,-1,-1,-1.0,-1.0,-1,-1,-1,-1,-1,-1,-1,-1,-1,-1,-1,-1,-1,-1,-1.0,-1.0,-1,-1,-1,-1,-1,-1,-1,-1,-1,-1,-1,-1
256121590085,2025-05-13 05:08:40,9,2.0,1.0,0,2,1,8.100000000000001,-1.0,-1.0,-1,-1,-1,-1,-1,-1,-1,-1,-1,-1.0,-1.0,-1,-1,-1,-1,-1,-1,-1,-1,-1,-1,-1,-1.0,-1.0,-1,-1,-1,-1,-1,-1,-1,-1,-1,-1,-1,Joker007r,0,1,0.6666666666666666,1,0.6666666666666666,5.9,-1.0,-1.0,-1,-1,-1,-1,-1,-1,-1,-1,-1,-1,-1,-1,-1,-1,-1,-1,-1,-1,-1,-1.0,-1.0,-1,-1,-1,-1,-1,-1,-1,-1,-1,-1,-1,-1,-1,-1,-1.0,-1.0,-1,-1,-1,-1,-1,-1,-1,-1,-1,-1,-1,-1
256121593299,2025-05-13 05:09:20,9,2.0,1.0,0,1,1,2.5,-1.0,-1.0,-1,-1,-1,-1,-1,-1,-1,-1,-1,-1.0,-1.0,-1,-1,-1,-1,-1,-1,-1,-1,-1,-1,-1,-1.0,-1.0,-1,-1,-1,-1,-1,-1,-1,-1,-1,-1,-1,peti762010,0,1,0.5,1,0.16666666666666666,1.5,-1.0,-1.0,-1,-1,-1,-1,-1,-1,-1,-1,-1,-1,-1,-1,-1,-1,-1,-1,-1,-1,-1,-1.0,-1.0,-1,-1,-1,-1,-1,-1,-1,-1,-1,-1,-1,-1,-1,-1,-1.0,-1.0,-1,-1,-1,-1,-1,-1,-1,-1,-1,-1,-1,-1
256121595171,2025-05-13 05:09:42,9,2.0,1.0,0,0,1,1.0,-1.0,-1.0,-1,-1,-1,-1,-1,-1,-1,-1,-1,-1.0,-1.0,-1,-1,-1,-1,-1,-1,-1,-1,-1,-1,-1,-1.0,-1.0,-1,-1,-1,-1,-1,-1,-1,-1,-1,-1,-1,Artiom888,0,0,0.0,1,0.0,0.5,-1.0,-1.0,-1,-1,-1,-1,-1,-1,-1,-1,-1,-1,-1,-1,-1,-1,-1,-1,-1,-1,-1,-1.0,-1.0,-1,-1,-1,-1,-1,-1,-1,-1,-1,-1,-1,-1,-1,-1,-1.0,-1.0,-1,-1,-1,-1,-1,-1,-1,-1,-1,-1,-1,-1
256121596525,2025-05-13 05:09:59,9,2.0,1.0,1,1,3,11.0,7.3945454545454545,29.0,7,1,1,7,0,1,0,0,0,2.49448275862069,59.0,7,1,0,1,7,0,1,0,1,0,1,0.9718644067796611,99.0,12,1,0,1,7,0,1,0,1,0,1,RoadPumpkin,0,1,0.3,1,0.0,-3.5,0.0,0.0,0,0,0,1,-1,-1,-1,-1,-1,-1,-1,-1,-1,-1,-1,-1,-1,-1,-1,0.0,0.0,0,0,0,0,-1,-1,-1,-1,-1,-1,-1,-1,-1,-1,0.0,0.0,0,0,0,0,-1,-1,-1,-1,-1,-1,-1,-1
256121596525,2025-05-13 05:09:59,9,2.0,1.0,1,1,3,11.0,7.3945454545454545,29.0,7,1,1,7,0,1,0,0,0,2.49448275862069,59.0,7,1,0,1,7,0,1,0,1,0,1,0.9718644067796611,99.0,12,1,0,1,7,0,1,0,1,0,1,alexnem98,1,0,0.1,0,0.0,51.5,0.0,0.0,0,0,1,0,8,8,1,0,0,1,1,0,0,0,0,0,0,1,0,0.0,0.0,0,0,1,0,4,0,0,0,0,0,0,1,0,0,0.0,0.0,0,0,1,0,1,0,0,0,1,0,0,0
256121596525,2025-05-13 05:09:59,9,2.0,1.0,1,1,3,11.0,7.3945454545454545,29.0,7,1,1,7,0,1,0,0,0,2.49448275862069,59.0,7,1,0,1,7,0,1,0,1,0,1,0.9718644067796611,99.0,12,1,0,1,7,0,1,0,1,0,1,peti762010,1,0,0.5,0,0.125,-47.5,0.8181818181818182,0.0,1,0,0,0,7,3,0,0,0,1,1,0,0,0,0,0,1,0,0,0.5172413793103449,0.0,1,0,0,0,4,1,0,0,0,0,1,0,0,0,0.3389830508474576,0.0,1,0,0,0,0,0,0,0,1,0,0,0
256121602586,2025-05-13 05:11:12,9,2.0,1.0,0,1,1,2.5,-1.0,-1.0,-1,-1,-1,-1,-1,-1,-1,-1,-1,-1.0,-1.0,-1,-1,-1,-1,-1,-1,-1,-1,-1,-1,-1,-1.0,-1.0,-1,-1,-1,-1,-1,-1,-1,-1,-1,-1,-1,AAnimeLLove,0,1,0.18181818181818182,1,0.0,1.5,-1.0,-1.0,-1,-1,-1,-1,-1,-1,-1,-1,-1,-1,-1,-1,-1,-1,-1,-1,-1,-1,-1,-1.0,-1.0,-1,-1,-1,-1,-1,-1,-1,-1,-1,-1,-1,-1,-1,-1,-1.0,-1.0,-1,-1,-1,-1,-1,-1,-1,-1,-1,-1,-1,-1
256121603930,2025-05-13 05:11:29,9,2.0,1.0,0,1,1,2.5,-1.0,-1.0,-1,-1,-1,-1,-1,-1,-1,-1,-1,-1.0,-1.0,-1,-1,-1,-1,-1,-1,-1,-1,-1,-1,-1,-1.0,-1.0,-1,-1,-1,-1,-1,-1,-1,-1,-1,-1,-1,AAnimeLLove,0,1,0.25,1,0.0,1.5,-1.0,-1.0,-1,-1,-1,-1,-1,-1,-1,-1,-1,-1,-1,-1,-1,-1,-1,-1,-1,-1,-1,-1.0,-1.0,-1,-1,-1,-1,-1,-1,-1,-1,-1,-1,-1,-1,-1,-1,-1.0,-1.0,-1,-1,-1,-1,-1,-1,-1,-1,-1,-1,-1,-1
256121605452,2025-05-13 05:11:47,9,2.0,1.0,1,2,1,13.0,-1.0,-1.0,-1,-1,-1,-1,-1,-1,-1,-1,-1,-1.0,-1.0,-1,-1,-1,-1,-1,-1,-1,-1,-1,-1,-1,-1.0,-1.0,-1,-1,-1,-1,-1,-1,-1,-1,-1,-1,-1,alexnem98,0,1,0.15384615384615385,1,0.07692307692307693,9.5,-1.0,-1.0,-1,-1,-1,-1,-1,-1,-1,-1,-1,-1,-1,-1,-1,-1,-1,-1,-1,-1,-1,-1.0,-1.0,-1,-1,-1,-1,-1,-1,-1,-1,-1,-1,-1,-1,-1,-1,-1.0,-1.0,-1,-1,-1,-1,-1,-1,-1,-1,-1,-1,-1,-1
256121609855,2025-05-13 05:12:41,9,2.0,1.0,0,1,1,2.5,-1.0,-1.0,-1,-1,-1,-1,-1,-1,-1,-1,-1,-1.0,-1.0,-1,-1,-1,-1,-1,-1,-1,-1,-1,-1,-1,-1.0,-1.0,-1,-1,-1,-1,-1,-1,-1,-1,-1,-1,-1,AAnimeLLove,0,1,0.35714285714285715,1,0.0,1.5,-1.0,-1.0,-1,-1,-1,-1,-1,-1,-1,-1,-1,-1,-1,-1,-1,-1,-1,-1,-1,-1,-1,-1.0,-1.0,-1,-1,-1,-1,-1,-1,-1,-1,-1,-1,-1,-1,-1,-1,-1.0,-1.0,-1,-1,-1,-1,-1,-1,-1,-1,-1,-1,-1,-1
256121611618,2025-05-13 05:13:03,9,2.0,1.0,0,1,2,4.9,6.96734693877551,19.9,13,1,0,0,1,0,0,0,0,-1.0,-1.0,-1,-1,-1,-1,-1,-1,-1,-1,-1,-1,-1,-1.0,-1.0,-1,-1,-1,-1,-1,-1,-1,-1,-1,-1,-1,CashfishT,0,1,0.14285714285714285,1,0.0,-9.7,0.0,1.530612244897959,0,1,0,1,-1,-1,-1,-1,-1,-1,-1,-1,-1,-1,-1,-1,-1,-1,-1,-1.0,-1.0,-1,-1,-1,-1,-1,-1,-1,-1,-1,-1,-1,-1,-1,-1,-1.0,-1.0,-1,-1,-1,-1,-1,-1,-1,-1,-1,-1,-1,-1
256121611618,2025-05-13 05:13:03,9,2.0,1.0,0,1,2,4.9,6.96734693877551,19.9,13,1,0,0,1,0,0,0,0,-1.0,-1.0,-1,-1,-1,-1,-1,-1,-1,-1,-1,-1,-1,-1.0,-1.0,-1,-1,-1,-1,-1,-1,-1,-1,-1,-1,-1,peti762010,0,0,0.46153846153846156,0,0.07692307692307693,10.2,0.2040816326530612,2.8571428571428568,1,1,0,0,-1,-1,-1,-1,-1,-1,-1,-1,-1,-1,-1,-1,-1,-1,-1,-1.0,-1.0,-1,-1,-1,-1,-1,-1,-1,-1,-1,-1,-1,-1,-1,-1,-1.0,-1.0,-1,-1,-1,-1,-1,-1,-1,-1,-1,-1,-1,-1
256121615441,2025-05-13 05:13:50,9,2.0,1.0,0,3,2,28.5,1.1594736842105264,94.59,13,0,1,5,0,1,0,0,0,0.0,94.59,13,0,0,1,5,0,1,0,1,0,1,0.0,94.59,14,0,0,1,14,0,1,0,1,0,1,Joker007r,1,0,0.25,1,0.25,49.045,0.0,0.0,0,0,1,0,13,10,0,0,0,1,0,0,0,0,0,0,0,1,0,0.0,0.0,0,0,0,0,0,1,0,0,0,0,0,1,0,0,0.0,0.0,0,0,0,0,1,0,0,0,1,0,0,0
256121615441,2025-05-13 05:13:50,9,2.0,1.0,0,3,2,28.5,1.1594736842105264,94.59,13,0,1,5,0,1,0,0,0,0.0,94.59,13,0,0,1,5,0,1,0,1,0,1,0.0,94.59,14,0,0,1,14,0,1,0,1,0,1,peti762010,1,1,0.5,0,0.14285714285714285,-45.545,1.1594736842105264,0.0,1,0,0,0,11,4,0,0,0,0,0,0,0,0,0,0,1,0,0,0.0,0.0,0,0,0,0,0,1,0,0,0,0,1,0,0,0,0.0,0.0,0,0,0,0,1,0,0,0,1,0,0,0
256121622365,2025-05-13 05:15:16,8,2.0,1.0,0,1,2,5.5,17.727272727272727,8.32,13,0,1,13,0,1,0,0,0,-1.0,-1.0,-1,-1,-1,-1,-1,-1,-1,-1,-1,-1,-1,-1.0,-1.0,-1,-1,-1,-1,-1,-1,-1,-1,-1,-1,-1,AAnimeLLove,0,1,0.35294117647058826,1,0.0,-3.91,0.25636363636363635,0.0,1,0,0,1,-1,-1,-1,-1,-1,-1,-1,-1,-1,-1,-1,-1,-1,-1,-1,-1.0,-1.0,-1,-1,-1,-1,-1,-1,-1,-1,-1,-1,-1,-1,-1,-1,-1.0,-1.0,-1,-1,-1,-1,-1,-1,-1,-1,-1,-1,-1,-1
256121622365,2025-05-13 05:15:16,8,2.0,1.0,0,1,2,5.5,17.727272727272727,8.32,13,0,1,13,0,1,0,0,0,-1.0,-1.0,-1,-1,-1,-1,-1,-1,-1,-1,-1,-1,-1,-1.0,-1.0,-1,-1,-1,-1,-1,-1,-1,-1,-1,-1,-1,Artiom888,0,0,0.058823529411764705,0,0.0,4.41,0.0,1.3536363636363637,0,1,0,0,-1,-1,-1,-1,-1,-1,-1,-1,-1,-1,-1,-1,-1,-1,-1,-1.0,-1.0,-1,-1,-1,-1,-1,-1,-1,-1,-1,-1,-1,-1,-1,-1,-1.0,-1.0,-1,-1,-1,-1,-1,-1,-1,-1,-1,-1,-1,-1
256121625175,2025-05-13 05:15:50,8,2.0,1.0,0,2,1,6.0,-1.0,-1.0,-1,-1,-1,-1,-1,-1,-1,-1,-1,-1.0,-1.0,-1,-1,-1,-1,-1,-1,-1,-1,-1,-1,-1,-1.0,-1.0,-1,-1,-1,-1,-1,-1,-1,-1,-1,-1,-1,alexnem98,0,1,0.16666666666666666,1,0.1111111111111111,3.0,-1.0,-1.0,-1,-1,-1,-1,-1,-1,-1,-1,-1,-1,-1,-1,-1,-1,-1,-1,-1,-1,-1,-1.0,-1.0,-1,-1,-1,-1,-1,-1,-1,-1,-1,-1,-1,-1,-1,-1,-1.0,-1.0,-1,-1,-1,-1,-1,-1,-1,-1,-1,-1,-1,-1
256121627066,2025-05-13 05:16:14,8,2.0,1.0,0,1,1,2.5,-1.0,-1.0,-1,-1,-1,-1,-1,-1,-1,-1,-1,-1.0,-1.0,-1,-1,-1,-1,-1,-1,-1,-1,-1,-1,-1,-1.0,-1.0,-1,-1,-1,-1,-1,-1,-1,-1,-1,-1,-1,AAnimeLLove,0,1,0.3684210526315789,1,0.0,1.5,-1.0,-1.0,-1,-1,-1,-1,-1,-1,-1,-1,-1,-1,-1,-1,-1,-1,-1,-1,-1,-1,-1,-1.0,-1.0,-1,-1,-1,-1,-1,-1,-1,-1,-1,-1,-1,-1,-1,-1,-1.0,-1.0,-1,-1,-1,-1,-1,-1,-1,-1,-1,-1,-1,-1
256121628107,2025-05-13 05:16:27,8,2.0,1.0,0,1,2,5.5,17.727272727272727,8.95,13,0,0,0,1,0,0,0,0,-1.0,-1.0,-1,-1,-1,-1,-1,-1,-1,-1,-1,-1,-1,-1.0,-1.0,-1,-1,-1,-1,-1,-1,-1,-1,-1,-1,-1,JohnTravoIta,0,0,0.1,0,0.0,4.725,0.0,1.5218181818181817,0,1,0,0,-1,-1,-1,-1,-1,-1,-1,-1,-1,-1,-1,-1,-1,-1,-1,-1.0,-1.0,-1,-1,-1,-1,-1,-1,-1,-1,-1,-1,-1,-1,-1,-1,-1.0,-1.0,-1,-1,-1,-1,-1,-1,-1,-1,-1,-1,-1,-1
256121628107,2025-05-13 05:16:27,8,2.0,1.0,0,1,2,5.5,17.727272727272727,8.95,13,0,0,0,1,0,0,0,0,-1.0,-1.0,-1,-1,-1,-1,-1,-1,-1,-1,-1,-1,-1,-1.0,-1.0,-1,-1,-1,-1,-1,-1,-1,-1,-1,-1,-1,alexnem98,0,1,0.2,1,0.1,-4.225,0.31363636363636366,0.0,1,0,0,1,-1,-1,-1,-1,-1,-1,-1,-1,-1,-1,-1,-1,-1,-1,-1,-1.0,-1.0,-1,-1,-1,-1,-1,-1,-1,-1,-1,-1,-1,-1,-1,-1,-1.0,-1.0,-1,-1,-1,-1,-1,-1,-1,-1,-1,-1,-1,-1
256121632881,2025-05-13 05:17:25,8,2.0,1.0,0,1,1,2.5,-1.0,-1.0,-1,-1,-1,-1,-1,-1,-1,-1,-1,-1.0,-1.0,-1,-1,-1,-1,-1,-1,-1,-1,-1,-1,-1,-1.0,-1.0,-1,-1,-1,-1,-1,-1,-1,-1,-1,-1,-1,Joker007r,0,1,0.23529411764705882,1,0.17647058823529413,1.5,-1.0,-1.0,-1,-1,-1,-1,-1,-1,-1,-1,-1,-1,-1,-1,-1,-1,-1,-1,-1,-1,-1,-1.0,-1.0,-1,-1,-1,-1,-1,-1,-1,-1,-1,-1,-1,-1,-1,-1,-1.0,-1.0,-1,-1,-1,-1,-1,-1,-1,-1,-1,-1,-1,-1
256121635987,2025-05-13 05:18:04,7,2.0,1.0,0,1,1,2.5,-1.0,-1.0,-1,-1,-1,-1,-1,-1,-1,-1,-1,-1.0,-1.0,-1,-1,-1,-1,-1,-1,-1,-1,-1,-1,-1,-1.0,-1.0,-1,-1,-1,-1,-1,-1,-1,-1,-1,-1,-1,alexnem98,0,1,0.22727272727272727,1,0.09090909090909091,1.5,-1.0,-1.0,-1,-1,-1,-1,-1,-1,-1,-1,-1,-1,-1,-1,-1,-1,-1,-1,-1,-1,-1,-1.0,-1.0,-1,-1,-1,-1,-1,-1,-1,-1,-1,-1,-1,-1,-1,-1,-1.0,-1.0,-1,-1,-1,-1,-1,-1,-1,-1,-1,-1,-1,-1
256121637782,2025-05-13 05:18:27,5,2.0,1.0,0,2,1,6.5,-1.0,-1.0,-1,-1,-1,-1,-1,-1,-1,-1,-1,-1.0,-1.0,-1,-1,-1,-1,-1,-1,-1,-1,-1,-1,-1,-1.0,-1.0,-1,-1,-1,-1,-1,-1,-1,-1,-1,-1,-1,Tocmihail,0,1,0.17391304347826086,1,0.08695652173913043,4.0,-1.0,-1.0,-1,-1,-1,-1,-1,-1,-1,-1,-1,-1,-1,-1,-1,-1,-1,-1,-1,-1,-1,-1.0,-1.0,-1,-1,-1,-1,-1,-1,-1,-1,-1,-1,-1,-1,-1,-1,-1.0,-1.0,-1,-1,-1,-1,-1,-1,-1,-1,-1,-1,-1,-1
256121639632,2025-05-13 05:18:50,5,2.0,1.0,0,2,1,5.399999999999999,-1.0,-1.0,-1,-1,-1,-1,-1,-1,-1,-1,-1,-1.0,-1.0,-1,-1,-1,-1,-1,-1,-1,-1,-1,-1,-1,-1.0,-1.0,-1,-1,-1,-1,-1,-1,-1,-1,-1,-1,-1,Artiom888,0,1,0.125,1,0.041666666666666664,3.2,-1.0,-1.0,-1,-1,-1,-1,-1,-1,-1,-1,-1,-1,-1,-1,-1,-1,-1,-1,-1,-1,-1,-1.0,-1.0,-1,-1,-1,-1,-1,-1,-1,-1,-1,-1,-1,-1,-1,-1,-1.0,-1.0,-1,-1,-1,-1,-1,-1,-1,-1,-1,-1,-1,-1
256121642033,2025-05-13 05:19:21,5,2.0,1.0,0,3,1,18.0,-1.0,-1.0,-1,-1,-1,-1,-1,-1,-1,-1,-1,-1.0,-1.0,-1,-1,-1,-1,-1,-1,-1,-1,-1,-1,-1,-1.0,-1.0,-1,-1,-1,-1,-1,-1,-1,-1,-1,-1,-1,CashfishT,0,1,0.13043478260869565,1,0.043478260869565216,9.0,-1.0,-1.0,-1,-1,-1,-1,-1,-1,-1,-1,-1,-1,-1,-1,-1,-1,-1,-1,-1,-1,-1,-1.0,-1.0,-1,-1,-1,-1,-1,-1,-1,-1,-1,-1,-1,-1,-1,-1,-1.0,-1.0,-1,-1,-1,-1,-1,-1,-1,-1,-1,-1,-1,-1
256121645871,2025-05-13 05:20:09,3,2.0,1.0,0,1,2,4.9,20.612244897959183,4.9,9,1,0,0,1,0,0,0,0,20.612244897959183,9.56,14,1,0,0,0,0,1,0,0,0,1,10.32112970711297,9.56,14,1,0,1,10,0,1,0,0,0,0,Artiom888,1,0,0.15384615384615385,0,0.038461538461538464,-4.53,0.0,0.0,0,0,0,0,13,5,0,0,0,0,0,0,0,0,0,0,1,0,0,0.0,0.0,0,0,1,0,0,0,0,0,0,0,1,0,0,0,0.0,0.0,0,0,0,0,0,0,0,0,1,0,0,0
256121645871,2025-05-13 05:20:09,3,2.0,1.0,0,1,2,4.9,20.612244897959183,4.9,9,1,0,0,1,0,0,0,0,20.612244897959183,9.56,14,1,0,0,0,0,1,0,0,0,1,10.32112970711297,9.56,14,1,0,1,10,0,1,0,0,0,0,CashfishT,1,1,0.16666666666666666,1,0.041666666666666664,5.03,0.0,0.0,0,0,0,0,13,10,0,0,0,0,1,0,0,1,0,0,0,0,0,0.47551020408163264,0.0,1,0,0,0,0,0,0,1,0,0,0,0,0,0,0.0,0.0,0,0,0,0,0,0,0,0,1,0,0,1
256121649989,2025-05-13 05:21:01,3,2.0,1.0,0,1,2,6.0,16.166666666666668,6.0,7,1,0,0,1,0,0,0,0,16.166666666666668,6.0,7,1,0,0,0,1,0,0,1,0,1,-1.0,-1.0,-1,-1,-1,-1,-1,-1,-1,-1,-1,-1,-1,Artiom888,0,1,0.18518518518518517,0,0.037037037037037035,-3.0,0.0,0.0,0,0,0,0,-1,-1,-1,-1,-1,-1,-1,-1,-1,-1,-1,-1,-1,-1,-1,0.0,0.0,0,0,0,1,-1,-1,-1,-1,-1,-1,-1,-1,-1,-1,-1.0,-1.0,-1,-1,-1,-1,-1,-1,-1,-1,-1,-1,-1,-1
256121649989,2025-05-13 05:21:01,3,2.0,1.0,0,1,2,6.0,16.166666666666668,6.0,7,1,0,0,1,0,0,0,0,16.166666666666668,6.0,7,1,0,0,0,1,0,0,1,0,1,-1.0,-1.0,-1,-1,-1,-1,-1,-1,-1,-1,-1,-1,-1,CashfishT,0,0,0.2,1,0.04,3.0,0.0,0.0,0,0,0,0,-1,-1,-1,-1,-1,-1,-1,-1,-1,-1,-1,-1,-1,-1,-1,0.47500000000000003,0.0,1,0,0,0,-1,-1,-1,-1,-1,-1,-1,-1,-1,-1,-1.0,-1.0,-1,-1,-1,-1,-1,-1,-1,-1,-1,-1,-1,-1
256121656402,2025-05-13 05:22:22,3,2.0,1.0,0,0,1,1.0,-1.0,-1.0,-1,-1,-1,-1,-1,-1,-1,-1,-1,-1.0,-1.0,-1,-1,-1,-1,-1,-1,-1,-1,-1,-1,-1,-1.0,-1.0,-1,-1,-1,-1,-1,-1,-1,-1,-1,-1,-1,JohnTravoIta,0,0,0.14285714285714285,1,0.03571428571428571,0.5,-1.0,-1.0,-1,-1,-1,-1,-1,-1,-1,-1,-1,-1,-1,-1,-1,-1,-1,-1,-1,-1,-1,-1.0,-1.0,-1,-1,-1,-1,-1,-1,-1,-1,-1,-1,-1,-1,-1,-1,-1.0,-1.0,-1,-1,-1,-1,-1,-1,-1,-1,-1,-1,-1,-1
256121657036,2025-05-13 05:22:30,3,2.0,1.0,0,1,2,6.0,16.166666666666668,6.0,13,0,1,4,0,1,0,0,0,-1.0,-1.0,-1,-1,-1,-1,-1,-1,-1,-1,-1,-1,-1,-1.0,-1.0,-1,-1,-1,-1,-1,-1,-1,-1,-1,-1,-1,Artiom888,0,0,0.20689655172413793,1,0.034482758620689655,-3.0,0.0,0.0,0,0,0,1,-1,-1,-1,-1,-1,-1,-1,-1,-1,-1,-1,-1,-1,-1,-1,-1.0,-1.0,-1,-1,-1,-1,-1,-1,-1,-1,-1,-1,-1,-1,-1,-1,-1.0,-1.0,-1,-1,-1,-1,-1,-1,-1,-1,-1,-1,-1,-1
256121657036,2025-05-13 05:22:30,3,2.0,1.0,0,1,2,6.0,16.166666666666668,6.0,13,0,1,4,0,1,0,0,0,-1.0,-1.0,-1,-1,-1,-1,-1,-1,-1,-1,-1,-1,-1,-1.0,-1.0,-1,-1,-1,-1,-1,-1,-1,-1,-1,-1,-1,JohnTravoIta,0,1,0.1724137931034483,0,0.034482758620689655,3.0,0.25,0.0,1,0,0,0,-1,-1,-1,-1,-1,-1,-1,-1,-1,-1,-1,-1,-1,-1,-1,-1.0,-1.0,-1,-1,-1,-1,-1,-1,-1,-1,-1,-1,-1,-1,-1,-1,-1.0,-1.0,-1,-1,-1,-1,-1,-1,-1,-1,-1,-1,-1,-1
256121660371,2025-05-13 05:23:12,3,2.0,1.0,0,1,1,2.0,-1.0,-1.0,-1,-1,-1,-1,-1,-1,-1,-1,-1,-1.0,-1.0,-1,-1,-1,-1,-1,-1,-1,-1,-1,-1,-1,-1.0,-1.0,-1,-1,-1,-1,-1,-1,-1,-1,-1,-1,-1,Artiom888,0,1,0.23333333333333334,1,0.03333333333333333,1.0,-1.0,-1.0,-1,-1,-1,-1,-1,-1,-1,-1,-1,-1,-1,-1,-1,-1,-1,-1,-1,-1,-1,-1.0,-1.0,-1,-1,-1,-1,-1,-1,-1,-1,-1,-1,-1,-1,-1,-1,-1.0,-1.0,-1,-1,-1,-1,-1,-1,-1,-1,-1,-1,-1,-1
256121662036,2025-05-13 05:23:33,4,2.0,1.0,0,0,1,1.0,-1.0,-1.0,-1,-1,-1,-1,-1,-1,-1,-1,-1,-1.0,-1.0,-1,-1,-1,-1,-1,-1,-1,-1,-1,-1,-1,-1.0,-1.0,-1,-1,-1,-1,-1,-1,-1,-1,-1,-1,-1,oledgyk,0,0,0.0,1,0.0,0.5,-1.0,-1.0,-1,-1,-1,-1,-1,-1,-1,-1,-1,-1,-1,-1,-1,-1,-1,-1,-1,-1,-1,-1.0,-1.0,-1,-1,-1,-1,-1,-1,-1,-1,-1,-1,-1,-1,-1,-1,-1.0,-1.0,-1,-1,-1,-1,-1,-1,-1,-1,-1,-1,-1,-1
256121662992,2025-05-13 05:23:45,5,2.0,1.0,0,0,3,3.0,26.388333333333335,6.0,11,0,0,0,1,0,0,0,0,16.333333333333332,22.060000000000002,11,1,0,0,0,0,1,0,0,0,1,4.078422484134179,62.06,11,1,0,0,0,0,0,1,0,1,1,JohnTravoIta,1,0,0.15625,0,0.03125,0.5,0.0,0.0,0,0,1,0,11,2,0,0,0,0,0,0,0,0,0,0,0,1,0,0.0,1.3383333333333332,0,1,0,0,0,0,0,0,0,0,0,0,1,1,0.0,0.9066183136899364,0,1,0,0,0,0,0,0,0,0,1,0
256121662992,2025-05-13 05:23:45,5,2.0,1.0,0,0,3,3.0,26.388333333333335,6.0,11,0,0,0,1,0,0,0,0,16.333333333333332,22.060000000000002,11,1,0,0,0,0,1,0,0,0,1,4.078422484134179,62.06,11,1,0,0,0,0,0,1,0,1,1,oledgyk,1,0,0.5,0,0.0,0.5,0.5,0.0,1,0,0,0,11,9,0,0,0,0,1,0,0,0,0,0,0,1,0,0.3133333333333333,0.0,1,0,1,0,0,0,0,0,0,0,0,0,1,1,0.23798730734360832,0.0,1,0,1,0,0,0,0,0,0,0,1,0
256121662992,2025-05-13 05:23:45,5,2.0,1.0,0,0,3,3.0,26.388333333333335,6.0,11,0,0,0,1,0,0,0,0,16.333333333333332,22.060000000000002,11,1,0,0,0,0,1,0,0,0,1,4.078422484134179,62.06,11,1,0,0,0,0,0,1,0,1,1,salih2363,0,0,0.0,1,0.0,-1.0,0.0,0.0,0,0,0,1,-1,-1,-1,-1,-1,-1,-1,-1,-1,-1,-1,-1,-1,-1,-1,0.0,0.0,0,0,0,0,-1,-1,-1,-1,-1,-1,-1,-1,-1,-1,0.0,0.0,0,0,0,0,-1,-1,-1,-1,-1,-1,-1,-1
256121671628,2025-05-13 05:25:36,6,2.0,1.0,1,1,2,10.0,9.7,10.0,8,0,0,0,1,0,0,1,0,-1.0,-1.0,-1,-1,-1,-1,-1,-1,-1,-1,-1,-1,-1,-1.0,-1.0,-1,-1,-1,-1,-1,-1,-1,-1,-1,-1,-1,Artiom888,0,1,0.24242424242424243,1,0.030303030303030304,-4.0,0.0,0.0,0,0,0,1,-1,-1,-1,-1,-1,-1,-1,-1,-1,-1,-1,-1,-1,-1,-1,-1.0,-1.0,-1,-1,-1,-1,-1,-1,-1,-1,-1,-1,-1,-1,-1,-1,-1.0,-1.0,-1,-1,-1,-1,-1,-1,-1,-1,-1,-1,-1,-1
256121671628,2025-05-13 05:25:36,6,2.0,1.0,1,1,2,10.0,9.7,10.0,8,0,0,0,1,0,0,1,0,-1.0,-1.0,-1,-1,-1,-1,-1,-1,-1,-1,-1,-1,-1,-1.0,-1.0,-1,-1,-1,-1,-1,-1,-1,-1,-1,-1,-1,JohnTravoIta,0,0,0.18181818181818182,0,0.030303030303030304,6.0,0.475,0.0,1,0,0,0,-1,-1,-1,-1,-1,-1,-1,-1,-1,-1,-1,-1,-1,-1,-1,-1.0,-1.0,-1,-1,-1,-1,-1,-1,-1,-1,-1,-1,-1,-1,-1,-1,-1.0,-1.0,-1,-1,-1,-1,-1,-1,-1,-1,-1,-1,-1,-1
256121676263,2025-05-13 05:26:36,7,2.0,1.0,0,0,1,1.0,-1.0,-1.0,-1,-1,-1,-1,-1,-1,-1,-1,-1,-1.0,-1.0,-1,-1,-1,-1,-1,-1,-1,-1,-1,-1,-1,-1.0,-1.0,-1,-1,-1,-1,-1,-1,-1,-1,-1,-1,-1,RoadPumpkin,0,0,0.17391304347826086,1,0.0,0.5,-1.0,-1.0,-1,-1,-1,-1,-1,-1,-1,-1,-1,-1,-1,-1,-1,-1,-1,-1,-1,-1,-1,-1.0,-1.0,-1,-1,-1,-1,-1,-1,-1,-1,-1,-1,-1,-1,-1,-1,-1.0,-1.0,-1,-1,-1,-1,-1,-1,-1,-1,-1,-1,-1,-1
256121677269,2025-05-13 05:26:49,8,2.0,1.0,0,1,1,2.5,-1.0,-1.0,-1,-1,-1,-1,-1,-1,-1,-1,-1,-1.0,-1.0,-1,-1,-1,-1,-1,-1,-1,-1,-1,-1,-1,-1.0,-1.0,-1,-1,-1,-1,-1,-1,-1,-1,-1,-1,-1,AAnimeLLove,0,1,0.25806451612903225,1,0.0,1.5,-1.0,-1.0,-1,-1,-1,-1,-1,-1,-1,-1,-1,-1,-1,-1,-1,-1,-1,-1,-1,-1,-1,-1.0,-1.0,-1,-1,-1,-1,-1,-1,-1,-1,-1,-1,-1,-1,-1,-1,-1.0,-1.0,-1,-1,-1,-1,-1,-1,-1,-1,-1,-1,-1,-1
256121678634,2025-05-13 05:27:07,8,2.0,1.0,0,2,1,6.5,-1.0,-1.0,-1,-1,-1,-1,-1,-1,-1,-1,-1,-1.0,-1.0,-1,-1,-1,-1,-1,-1,-1,-1,-1,-1,-1,-1.0,-1.0,-1,-1,-1,-1,-1,-1,-1,-1,-1,-1,-1,JohnTravoIta,0,1,0.19444444444444445,1,0.05555555555555555,4.0,-1.0,-1.0,-1,-1,-1,-1,-1,-1,-1,-1,-1,-1,-1,-1,-1,-1,-1,-1,-1,-1,-1,-1.0,-1.0,-1,-1,-1,-1,-1,-1,-1,-1,-1,-1,-1,-1,-1,-1,-1.0,-1.0,-1,-1,-1,-1,-1,-1,-1,-1,-1,-1,-1,-1
256121680548,2025-05-13 05:27:31,9,2.0,1.0,0,2,1,6.5,-1.0,-1.0,-1,-1,-1,-1,-1,-1,-1,-1,-1,-1.0,-1.0,-1,-1,-1,-1,-1,-1,-1,-1,-1,-1,-1,-1.0,-1.0,-1,-1,-1,-1,-1,-1,-1,-1,-1,-1,-1,JohnTravoIta,0,1,0.21621621621621623,1,0.08108108108108109,4.0,-1.0,-1.0,-1,-1,-1,-1,-1,-1,-1,-1,-1,-1,-1,-1,-1,-1,-1,-1,-1,-1,-1,-1.0,-1.0,-1,-1,-1,-1,-1,-1,-1,-1,-1,-1,-1,-1,-1,-1,-1.0,-1.0,-1,-1,-1,-1,-1,-1,-1,-1,-1,-1,-1,-1
256121683014,2025-05-13 05:28:02,9,2.0,1.0,1,0,2,2.5,30.266000000000002,2.5,13,0,0,0,0,1,0,0,0,30.266000000000002,2.5,13,0,0,0,0,0,1,0,1,0,1,30.266000000000002,2.5,13,0,0,0,0,0,1,0,1,0,0,Artiom888,1,0,0.21052631578947367,0,0.02631578947368421,1.5,0.0,0.0,0,0,0,0,14,6,0,0,0,0,1,0,0,0,0,0,1,0,0,0.0,0.0,0,0,0,0,0,0,0,0,0,0,1,0,0,0,0.0,0.0,0,0,0,0,0,0,0,0,1,0,0,0
256121683014,2025-05-13 05:28:02,9,2.0,1.0,1,0,2,2.5,30.266000000000002,2.5,13,0,0,0,0,1,0,0,0,30.266000000000002,2.5,13,0,0,0,0,0,1,0,1,0,1,30.266000000000002,2.5,13,0,0,0,0,0,1,0,1,0,0,salih2363,0,0,0.2857142857142857,1,0.0,-1.0,0.0,0.0,0,0,0,0,-1,-1,-1,-1,-1,-1,-1,-1,-1,-1,-1,-1,-1,-1,-1,0.0,0.0,0,0,0,0,-1,-1,-1,-1,-1,-1,-1,-1,-1,-1,0.0,0.0,0,0,0,0,-1,-1,-1,-1,-1,-1,-1,-1
256121685285,2025-05-13 05:28:32,9,2.0,1.0,0,2,1,6.5,-1.0,-1.0,-1,-1,-1,-1,-1,-1,-1,-1,-1,-1.0,-1.0,-1,-1,-1,-1,-1,-1,-1,-1,-1,-1,-1,-1.0,-1.0,-1,-1,-1,-1,-1,-1,-1,-1,-1,-1,-1,RoadPumpkin,0,1,0.17857142857142858,1,0.03571428571428571,4.0,-1.0,-1.0,-1,-1,-1,-1,-1,-1,-1,-1,-1,-1,-1,-1,-1,-1,-1,-1,-1,-1,-1,-1.0,-1.0,-1,-1,-1,-1,-1,-1,-1,-1,-1,-1,-1,-1,-1,-1,-1.0,-1.0,-1,-1,-1,-1,-1,-1,-1,-1,-1,-1,-1,-1
256121688387,2025-05-13 05:29:12,9,2.0,1.0,1,0,2,2.5,29.866000000000003,5.5,14,0,1,14,0,1,0,1,0,13.302727272727275,10.5,14,0,0,1,14,0,1,0,1,0,0,6.73,14.5,14,0,0,1,14,0,1,0,1,0,0,oledgyk,0,0,0.2,0,0.0,-7.0,0.6,0.0,1,0,0,0,-1,-1,-1,-1,-1,-1,-1,-1,-1,-1,-1,-1,-1,-1,-1,0.45454545454545453,0.0,1,0,0,0,-1,-1,-1,-1,-1,-1,-1,-1,-1,-1,0.0,0.0,0,0,1,0,-1,-1,-1,-1,-1,-1,-1,-1
256121688387,2025-05-13 05:29:12,9,2.0,1.0,1,0,2,2.5,29.866000000000003,5.5,14,0,1,14,0,1,0,1,0,13.302727272727275,10.5,14,0,0,1,14,0,1,0,1,0,0,6.73,14.5,14,0,0,1,14,0,1,0,1,0,0,salih2363,1,0,0.3333333333333333,1,0.0,7.5,0.0,0.0,0,0,1,0,14,11,0,0,8,0,1,1,0,0,0,0,0,1,0,0.0,0.0,0,0,1,0,8,1,0,0,0,0,0,1,0,0,0.19047619047619047,0.0,1,0,0,0,1,0,0,0,0,1,0,0
256121691777,2025-05-13 05:29:55,9,2.0,1.0,0,1,1,2.5,-1.0,-1.0,-1,-1,-1,-1,-1,-1,-1,-1,-1,-1.0,-1.0,-1,-1,-1,-1,-1,-1,-1,-1,-1,-1,-1,-1.0,-1.0,-1,-1,-1,-1,-1,-1,-1,-1,-1,-1,-1,alexnem98,0,1,0.21875,1,0.0625,1.5,-1.0,-1.0,-1,-1,-1,-1,-1,-1,-1,-1,-1,-1,-1,-1,-1,-1,-1,-1,-1,-1,-1,-1.0,-1.0,-1,-1,-1,-1,-1,-1,-1,-1,-1,-1,-1,-1,-1,-1,-1.0,-1.0,-1,-1,-1,-1,-1,-1,-1,-1,-1,-1,-1,-1
256121693625,2025-05-13 05:30:18,9,2.0,1.0,1,1,1,3.5,-1.0,-1.0,-1,-1,-1,-1,-1,-1,-1,-1,-1,-1.0,-1.0,-1,-1,-1,-1,-1,-1,-1,-1,-1,-1,-1,-1.0,-1.0,-1,-1,-1,-1,-1,-1,-1,-1,-1,-1,-1,Artiom888,0,1,0.21428571428571427,1,0.023809523809523808,2.5,-1.0,-1.0,-1,-1,-1,-1,-1,-1,-1,-1,-1,-1,-1,-1,-1,-1,-1,-1,-1,-1,-1,-1.0,-1.0,-1,-1,-1,-1,-1,-1,-1,-1,-1,-1,-1,-1,-1,-1,-1.0,-1.0,-1,-1,-1,-1,-1,-1,-1,-1,-1,-1,-1,-1
256121695673,2025-05-13 05:30:44,9,2.0,1.0,0,1,2,5.5,18.454545454545453,13.34,11,0,1,11,0,1,0,0,0,7.314842578710644,13.34,11,0,0,1,11,0,1,0,0,0,0,7.314842578710644,20.439999999999998,11,0,0,1,11,0,1,0,1,0,1,JohnTravoIta,0,1,0.20930232558139536,1,0.06976744186046512,-9.969999999999999,0.7127272727272728,0.0,1,0,0,0,-1,-1,-1,-1,-1,-1,-1,-1,-1,-1,-1,-1,-1,-1,-1,0.0,0.0,0,0,0,0,-1,-1,-1,-1,-1,-1,-1,-1,-1,-1,0.0,0.0,0,0,1,0,-1,-1,-1,-1,-1,-1,-1,-1
256121695673,2025-05-13 05:30:44,9,2.0,1.0,0,1,2,5.5,18.454545454545453,13.34,11,0,1,11,0,1,0,0,0,7.314842578710644,13.34,11,0,0,1,11,0,1,0,0,0,0,7.314842578710644,20.439999999999998,11,0,0,1,11,0,1,0,1,0,1,RoadPumpkin,1,0,0.1875,0,0.03125,10.469999999999999,0.0,0.0,0,0,1,0,11,9,0,0,0,1,1,0,0,0,0,0,0,1,0,0.0,0.0,0,0,0,0,0,0,0,0,0,0,0,1,0,0,0.2661169415292354,0.0,1,0,0,0,1,0,0,0,0,1,0,0
256121702038,2025-05-13 05:32:05,9,2.0,1.0,0,1,1,2.5,-1.0,-1.0,-1,-1,-1,-1,-1,-1,-1,-1,-1,-1.0,-1.0,-1,-1,-1,-1,-1,-1,-1,-1,-1,-1,-1,-1.0,-1.0,-1,-1,-1,-1,-1,-1,-1,-1,-1,-1,-1,JohnTravoIta,0,1,0.22727272727272727,1,0.06818181818181818,1.5,-1.0,-1.0,-1,-1,-1,-1,-1,-1,-1,-1,-1,-1,-1,-1,-1,-1,-1,-1,-1,-1,-1,-1.0,-1.0,-1,-1,-1,-1,-1,-1,-1,-1,-1,-1,-1,-1,-1,-1,-1.0,-1.0,-1,-1,-1,-1,-1,-1,-1,-1,-1,-1,-1,-1
256121703567,2025-05-13 05:32:25,9,2.0,1.0,0,1,1,2.5,-1.0,-1.0,-1,-1,-1,-1,-1,-1,-1,-1,-1,-1.0,-1.0,-1,-1,-1,-1,-1,-1,-1,-1,-1,-1,-1,-1.0,-1.0,-1,-1,-1,-1,-1,-1,-1,-1,-1,-1,-1,alexnem98,0,1,0.2222222222222222,1,0.05555555555555555,1.5,-1.0,-1.0,-1,-1,-1,-1,-1,-1,-1,-1,-1,-1,-1,-1,-1,-1,-1,-1,-1,-1,-1,-1.0,-1.0,-1,-1,-1,-1,-1,-1,-1,-1,-1,-1,-1,-1,-1,-1,-1.0,-1.0,-1,-1,-1,-1,-1,-1,-1,-1,-1,-1,-1,-1
256121705436,2025-05-13 05:32:49,9,2.0,1.0,0,1,3,7.5,10.368,7.5,13,0,0,0,1,0,0,0,0,10.368,21.75,13,0,0,0,0,0,1,0,1,0,1,3.247586206896552,97.75,13,1,0,0,0,0,1,0,1,0,1,AAnimeLLove,0,1,0.23809523809523808,1,0.0,-47.625,0.0,0.0,0,0,0,0,-1,-1,-1,-1,-1,-1,-1,-1,-1,-1,-1,-1,-1,-1,-1,0.0,0.0,0,0,1,0,-1,-1,-1,-1,-1,-1,-1,-1,-1,-1,0.0,0.0,0,0,1,0,-1,-1,-1,-1,-1,-1,-1,-1
256121705436,2025-05-13 05:32:49,9,2.0,1.0,0,1,3,7.5,10.368,7.5,13,0,0,0,1,0,0,0,0,10.368,21.75,13,0,0,0,0,0,1,0,1,0,1,3.247586206896552,97.75,13,1,0,0,0,0,1,0,1,0,1,Tocmihail,0,0,0.17142857142857143,0,0.05714285714285714,-2.5,0.0,0.0,0,0,0,0,-1,-1,-1,-1,-1,-1,-1,-1,-1,-1,-1,-1,-1,-1,-1,0.0,0.0,0,0,0,1,-1,-1,-1,-1,-1,-1,-1,-1,-1,-1,0.0,0.0,0,0,0,0,-1,-1,-1,-1,-1,-1,-1,-1
256121705436,2025-05-13 05:32:49,9,2.0,1.0,0,1,3,7.5,10.368,7.5,13,0,0,0,1,0,0,0,0,10.368,21.75,13,0,0,0,0,0,1,0,1,0,1,3.247586206896552,97.75,13,1,0,0,0,0,1,0,1,0,1,salih2363,1,0,0.3333333333333333,0,0.0,50.125,0.0,0.0,0,0,0,0,13,8,0,0,0,0,1,0,0,0,0,0,0,1,0,0.95,0.0,1,0,0,0,0,1,0,0,0,0,0,1,0,0,1.7471264367816093,0.0,1,0,0,0,1,0,0,0,0,0,1,1
256121710427,2025-05-13 05:33:53,9,2.0,1.0,0,1,3,8.0,11.8125,8.0,12,0,1,12,1,0,0,1,0,-1.0,-1.0,-1,-1,-1,-1,-1,-1,-1,-1,-1,-1,-1,-1.0,-1.0,-1,-1,-1,-1,-1,-1,-1,-1,-1,-1,-1,Artiom888,0,0,0.2127659574468085,0,0.02127659574468085,-2.5,0.0,0.0,0,0,0,1,-1,-1,-1,-1,-1,-1,-1,-1,-1,-1,-1,-1,-1,-1,-1,-1.0,-1.0,-1,-1,-1,-1,-1,-1,-1,-1,-1,-1,-1,-1,-1,-1,-1.0,-1.0,-1,-1,-1,-1,-1,-1,-1,-1,-1,-1,-1,-1
256121710427,2025-05-13 05:33:53,9,2.0,1.0,0,1,3,8.0,11.8125,8.0,12,0,1,12,1,0,0,1,0,-1.0,-1.0,-1,-1,-1,-1,-1,-1,-1,-1,-1,-1,-1,-1.0,-1.0,-1,-1,-1,-1,-1,-1,-1,-1,-1,-1,-1,artemxxl,0,0,0.07692307692307693,1,0.0,-2.5,0.0,0.0,0,0,0,1,-1,-1,-1,-1,-1,-1,-1,-1,-1,-1,-1,-1,-1,-1,-1,-1.0,-1.0,-1,-1,-1,-1,-1,-1,-1,-1,-1,-1,-1,-1,-1,-1,-1.0,-1.0,-1,-1,-1,-1,-1,-1,-1,-1,-1,-1,-1,-1
256121710427,2025-05-13 05:33:53,9,2.0,1.0,0,1,3,8.0,11.8125,8.0,12,0,1,12,1,0,0,1,0,-1.0,-1.0,-1,-1,-1,-1,-1,-1,-1,-1,-1,-1,-1,-1.0,-1.0,-1,-1,-1,-1,-1,-1,-1,-1,-1,-1,-1,oledgyk,0,1,0.17647058823529413,0,0.0,5.5,0.633125,0.0,1,0,0,0,-1,-1,-1,-1,-1,-1,-1,-1,-1,-1,-1,-1,-1,-1,-1,-1.0,-1.0,-1,-1,-1,-1,-1,-1,-1,-1,-1,-1,-1,-1,-1,-1,-1.0,-1.0,-1,-1,-1,-1,-1,-1,-1,-1,-1,-1,-1,-1
256121713367,2025-05-13 05:34:31,9,2.0,1.0,1,1,3,6.5,15.076923076923077,6.5,10,0,0,0,1,0,0,0,0,-1.0,-1.0,-1,-1,-1,-1,-1,-1,-1,-1,-1,-1,-1,-1.0,-1.0,-1,-1,-1,-1,-1,-1,-1,-1,-1,-1,-1,AAnimeLLove,0,0,0.25,0,0.0,-2.0,0.0,0.0,0,0,0,1,-1,-1,-1,-1,-1,-1,-1,-1,-1,-1,-1,-1,-1,-1,-1,-1.0,-1.0,-1,-1,-1,-1,-1,-1,-1,-1,-1,-1,-1,-1,-1,-1,-1.0,-1.0,-1,-1,-1,-1,-1,-1,-1,-1,-1,-1,-1,-1
256121713367,2025-05-13 05:34:31,9,2.0,1.0,1,1,3,6.5,15.076923076923077,6.5,10,0,0,0,1,0,0,0,0,-1.0,-1.0,-1,-1,-1,-1,-1,-1,-1,-1,-1,-1,-1,-1.0,-1.0,-1,-1,-1,-1,-1,-1,-1,-1,-1,-1,-1,RoadPumpkin,0,1,0.1891891891891892,0,0.02702702702702703,4.5,0.26615384615384613,0.0,1,0,0,0,-1,-1,-1,-1,-1,-1,-1,-1,-1,-1,-1,-1,-1,-1,-1,-1.0,-1.0,-1,-1,-1,-1,-1,-1,-1,-1,-1,-1,-1,-1,-1,-1,-1.0,-1.0,-1,-1,-1,-1,-1,-1,-1,-1,-1,-1,-1,-1
256121713367,2025-05-13 05:34:31,9,2.0,1.0,1,1,3,6.5,15.076923076923077,6.5,10,0,0,0,1,0,0,0,0,-1.0,-1.0,-1,-1,-1,-1,-1,-1,-1,-1,-1,-1,-1,-1.0,-1.0,-1,-1,-1,-1,-1,-1,-1,-1,-1,-1,-1,salih2363,0,0,0.35294117647058826,1,0.0,-2.0,0.0,0.0,0,0,0,1,-1,-1,-1,-1,-1,-1,-1,-1,-1,-1,-1,-1,-1,-1,-1,-1.0,-1.0,-1,-1,-1,-1,-1,-1,-1,-1,-1,-1,-1,-1,-1,-1,-1.0,-1.0,-1,-1,-1,-1,-1,-1,-1,-1,-1,-1,-1,-1
256121716203,2025-05-13 05:35:06,9,2.0,1.0,0,1,2,5.0,19.5,7.57,10,0,0,0,1,0,0,0,0,12.71003963011889,18.36,10,0,0,1,8,0,1,0,1,0,1,4.946623093681917,18.36,13,0,0,1,8,0,1,0,1,0,1,AAnimeLLove,0,1,0.26666666666666666,0,0.0,9.18,0.257,0.0,1,0,0,0,-1,-1,-1,-1,-1,-1,-1,-1,-1,-1,-1,-1,-1,-1,-1,0.712681638044914,0.0,1,0,0,0,-1,-1,-1,-1,-1,-1,-1,-1,-1,-1,1.4248366013071896,0.0,1,0,0,0,-1,-1,-1,-1,-1,-1,-1,-1
256121716203,2025-05-13 05:35:06,9,2.0,1.0,0,1,2,5.0,19.5,7.57,10,0,0,0,1,0,0,0,0,12.71003963011889,18.36,10,0,0,1,8,0,1,0,1,0,1,4.946623093681917,18.36,13,0,0,1,8,0,1,0,1,0,1,oledgyk,0,0,0.21052631578947367,1,0.0,-9.18,0.0,0.0,0,0,1,0,-1,-1,-1,-1,-1,-1,-1,-1,-1,-1,-1,-1,-1,-1,-1,0.0,0.0,0,0,1,0,-1,-1,-1,-1,-1,-1,-1,-1,-1,-1,0.0,0.0,0,0,0,1,-1,-1,-1,-1,-1,-1,-1,-1
256121723560,2025-05-13 05:36:39,9,2.0,1.0,1,1,1,3.0,-1.0,-1.0,-1,-1,-1,-1,-1,-1,-1,-1,-1,-1.0,-1.0,-1,-1,-1,-1,-1,-1,-1,-1,-1,-1,-1,-1.0,-1.0,-1,-1,-1,-1,-1,-1,-1,-1,-1,-1,-1,JohnTravoIta,0,1,0.22,1,0.06,2.0,-1.0,-1.0,-1,-1,-1,-1,-1,-1,-1,-1,-1,-1,-1,-1,-1,-1,-1,-1,-1,-1,-1,-1.0,-1.0,-1,-1,-1,-1,-1,-1,-1,-1,-1,-1,-1,-1,-1,-1,-1.0,-1.0,-1,-1,-1,-1,-1,-1,-1,-1,-1,-1,-1,-1
256121726161,2025-05-13 05:37:13,7,2.0,1.0,0,2,1,6.0,-1.0,-1.0,-1,-1,-1,-1,-1,-1,-1,-1,-1,-1.0,-1.0,-1,-1,-1,-1,-1,-1,-1,-1,-1,-1,-1,-1.0,-1.0,-1,-1,-1,-1,-1,-1,-1,-1,-1,-1,-1,JohnTravoIta,0,1,0.23529411764705882,1,0.0784313725490196,3.5,-1.0,-1.0,-1,-1,-1,-1,-1,-1,-1,-1,-1,-1,-1,-1,-1,-1,-1,-1,-1,-1,-1,-1.0,-1.0,-1,-1,-1,-1,-1,-1,-1,-1,-1,-1,-1,-1,-1,-1,-1.0,-1.0,-1,-1,-1,-1,-1,-1,-1,-1,-1,-1,-1,-1
256121728069,2025-05-13 05:37:37,7,2.0,1.0,0,1,2,5.5,19.22909090909091,8.32,10,0,0,0,1,0,0,0,0,12.542067307692308,8.32,10,0,0,1,7,1,0,0,1,0,1,12.542067307692308,8.32,10,1,0,1,7,0,1,0,1,0,1,AAnimeLLove,0,1,0.2708333333333333,1,0.0,-3.91,0.25636363636363635,0.0,1,0,0,0,-1,-1,-1,-1,-1,-1,-1,-1,-1,-1,-1,-1,-1,-1,-1,0.0,0.0,0,0,0,0,-1,-1,-1,-1,-1,-1,-1,-1,-1,-1,0.0,0.0,0,0,0,1,-1,-1,-1,-1,-1,-1,-1,-1
256121728069,2025-05-13 05:37:37,7,2.0,1.0,0,1,2,5.5,19.22909090909091,8.32,10,0,0,0,1,0,0,0,0,12.542067307692308,8.32,10,0,0,1,7,1,0,0,1,0,1,12.542067307692308,8.32,10,1,0,1,7,0,1,0,1,0,1,salih2363,0,0,0.38095238095238093,0,0.0,4.41,0.0,0.0,0,0,1,0,-1,-1,-1,-1,-1,-1,-1,-1,-1,-1,-1,-1,-1,-1,-1,0.0,0.0,0,0,0,0,-1,-1,-1,-1,-1,-1,-1,-1,-1,-1,0.4753605769230769,0.0,1,0,0,0,-1,-1,-1,-1,-1,-1,-1,-1
256121732008,2025-05-13 05:38:28,7,2.0,1.0,0,1,3,7.300000000000001,13.410958904109588,11.88,10,0,0,0,1,0,0,0,0,8.047979797979798,11.88,10,0,0,1,7,0,1,0,1,0,1,-1.0,-1.0,-1,-1,-1,-1,-1,-1,-1,-1,-1,-1,-1,Artiom888,0,1,0.20754716981132076,0,0.018867924528301886,-2.1,0.0,0.0,0,0,0,1,-1,-1,-1,-1,-1,-1,-1,-1,-1,-1,-1,-1,-1,-1,-1,0.0,0.0,0,0,0,0,-1,-1,-1,-1,-1,-1,-1,-1,-1,-1,-1.0,-1.0,-1,-1,-1,-1,-1,-1,-1,-1,-1,-1,-1,-1
256121732008,2025-05-13 05:38:28,7,2.0,1.0,0,1,3,7.300000000000001,13.410958904109588,11.88,10,0,0,0,1,0,0,0,0,8.047979797979798,11.88,10,0,0,1,7,0,1,0,1,0,1,-1.0,-1.0,-1,-1,-1,-1,-1,-1,-1,-1,-1,-1,-1,oledgyk,0,0,0.30434782608695654,1,0.0,7.49,0.3136986301369863,0.0,1,0,0,0,-1,-1,-1,-1,-1,-1,-1,-1,-1,-1,-1,-1,-1,-1,-1,0.4646464646464646,0.0,1,0,0,0,-1,-1,-1,-1,-1,-1,-1,-1,-1,-1,-1.0,-1.0,-1,-1,-1,-1,-1,-1,-1,-1,-1,-1,-1,-1
256121732008,2025-05-13 05:38:28,7,2.0,1.0,0,1,3,7.300000000000001,13.410958904109588,11.88,10,0,0,0,1,0,0,0,0,8.047979797979798,11.88,10,0,0,1,7,0,1,0,1,0,1,-1.0,-1.0,-1,-1,-1,-1,-1,-1,-1,-1,-1,-1,-1,salih2363,0,0,0.4090909090909091,0,0.0,-4.390000000000001,0.0,0.0,0,0,1,0,-1,-1,-1,-1,-1,-1,-1,-1,-1,-1,-1,-1,-1,-1,-1,0.0,0.0,0,0,0,1,-1,-1,-1,-1,-1,-1,-1,-1,-1,-1,-1.0,-1.0,-1,-1,-1,-1,-1,-1,-1,-1,-1,-1,-1,-1
256121736250,2025-05-13 05:39:23,7,2.0,1.0,0,1,1,2.5,-1.0,-1.0,-1,-1,-1,-1,-1,-1,-1,-1,-1,-1.0,-1.0,-1,-1,-1,-1,-1,-1,-1,-1,-1,-1,-1,-1.0,-1.0,-1,-1,-1,-1,-1,-1,-1,-1,-1,-1,-1,oledgyk,0,1,0.3333333333333333,1,0.0,1.5,-1.0,-1.0,-1,-1,-1,-1,-1,-1,-1,-1,-1,-1,-1,-1,-1,-1,-1,-1,-1,-1,-1,-1.0,-1.0,-1,-1,-1,-1,-1,-1,-1,-1,-1,-1,-1,-1,-1,-1,-1.0,-1.0,-1,-1,-1,-1,-1,-1,-1,-1,-1,-1,-1,-1
256121737273,2025-05-13 05:39:37,7,2.0,1.0,1,1,1,2.5,-1.0,-1.0,-1,-1,-1,-1,-1,-1,-1,-1,-1,-1.0,-1.0,-1,-1,-1,-1,-1,-1,-1,-1,-1,-1,-1,-1.0,-1.0,-1,-1,-1,-1,-1,-1,-1,-1,-1,-1,-1,AAnimeLLove,0,1,0.27450980392156865,1,0.0,1.5,-1.0,-1.0,-1,-1,-1,-1,-1,-1,-1,-1,-1,-1,-1,-1,-1,-1,-1,-1,-1,-1,-1,-1.0,-1.0,-1,-1,-1,-1,-1,-1,-1,-1,-1,-1,-1,-1,-1,-1,-1.0,-1.0,-1,-1,-1,-1,-1,-1,-1,-1,-1,-1,-1,-1
256121738745,2025-05-13 05:39:56,7,2.0,1.0,0,1,2,5.0,20.669999999999998,5.0,14,0,0,0,0,1,0,0,0,20.669999999999998,10.0,14,0,0,0,0,0,1,0,0,0,0,10.084999999999999,19.46,14,0,0,0,0,0,0,1,1,1,1,AAnimeLLove,1,1,0.28846153846153844,0,0.0,9.73,0.0,0.0,0,0,0,0,14,4,0,0,0,0,0,0,0,0,0,0,0,1,0,0.0,0.0,0,0,1,0,0,0,0,0,0,0,0,1,0,0,0.0,0.0,0,0,1,0,0,0,0,0,0,1,0,0
256121738745,2025-05-13 05:39:56,7,2.0,1.0,0,1,2,5.0,20.669999999999998,5.0,14,0,0,0,0,1,0,0,0,20.669999999999998,10.0,14,0,0,0,0,0,1,0,0,0,0,10.084999999999999,19.46,14,0,0,0,0,0,0,1,1,1,1,oledgyk,1,0,0.34615384615384615,1,0.0,-9.73,0.0,0.0,0,0,0,0,7,4,0,0,0,0,1,0,0,1,0,0,0,0,0,0.5,0.0,1,0,0,0,9,0,0,0,0,1,0,0,0,1,0.47300000000000003,0.0,1,0,0,0,1,0,0,1,0,0,0,0
256121745635,2025-05-13 05:41:25,7,2.0,1.0,1,1,1,3.5,-1.0,-1.0,-1,-1,-1,-1,-1,-1,-1,-1,-1,-1.0,-1.0,-1,-1,-1,-1,-1,-1,-1,-1,-1,-1,-1,-1.0,-1.0,-1,-1,-1,-1,-1,-1,-1,-1,-1,-1,-1,Tocmihail,0,1,0.15217391304347827,1,0.043478260869565216,2.5,-1.0,-1.0,-1,-1,-1,-1,-1,-1,-1,-1,-1,-1,-1,-1,-1,-1,-1,-1,-1,-1,-1,-1.0,-1.0,-1,-1,-1,-1,-1,-1,-1,-1,-1,-1,-1,-1,-1,-1,-1.0,-1.0,-1,-1,-1,-1,-1,-1,-1,-1,-1,-1,-1,-1
256121746986,2025-05-13 05:41:43,8,2.0,1.0,1,1,3,13.5,8.192962962962964,13.5,5,0,1,3,0,1,0,1,0,8.192962962962964,26.33,5,1,0,1,3,0,1,0,1,0,1,3.957083175085454,51.349999999999994,13,1,0,1,3,0,1,0,1,0,1,AAnimeLLove,1,0,0.2962962962962963,1,0.0,28.424999999999997,0.0,0.0,0,0,0,0,13,12,0,1,9,0,1,0,0,0,0,1,0,0,0,0.0,0.0,0,0,1,0,9,0,0,0,0,1,0,0,0,0,0.0,0.0,0,0,1,0,1,0,0,0,1,0,0,1
256121746986,2025-05-13 05:41:43,8,2.0,1.0,1,1,3,13.5,8.192962962962964,13.5,5,0,1,3,0,1,0,1,0,8.192962962962964,26.33,5,1,0,1,3,0,1,0,1,0,1,3.957083175085454,51.349999999999994,13,1,0,1,3,0,1,0,1,0,1,Tocmihail,0,1,0.1702127659574468,0,0.0425531914893617,-4.0,0.0,0.0,0,0,0,0,-1,-1,-1,-1,-1,-1,-1,-1,-1,-1,-1,-1,-1,-1,-1,0.0,0.0,0,0,0,1,-1,-1,-1,-1,-1,-1,-1,-1,-1,-1,0.0,0.0,0,0,0,0,-1,-1,-1,-1,-1,-1,-1,-1
256121746986,2025-05-13 05:41:43,8,2.0,1.0,1,1,3,13.5,8.192962962962964,13.5,5,0,1,3,0,1,0,1,0,8.192962962962964,26.33,5,1,0,1,3,0,1,0,1,0,1,3.957083175085454,51.349999999999994,13,1,0,1,3,0,1,0,1,0,1,salih2363,1,0,0.4444444444444444,0,0.0,-22.924999999999997,0.0,0.0,0,0,0,0,7,7,1,0,0,0,1,0,0,0,0,0,0,1,0,0.4751851851851852,0.0,1,0,0,0,0,0,0,0,0,0,0,1,0,0,0.47512343334599316,0.0,1,0,0,0,0,0,0,0,1,0,0,0
256121753975,2025-05-13 05:43:14,8,2.0,1.0,1,1,2,9.5,10.130526315789472,9.5,8,0,1,4,0,1,0,0,0,10.130526315789472,9.5,14,0,0,1,4,0,1,0,1,0,1,10.130526315789472,9.5,14,0,0,1,4,0,1,0,1,0,0,Tocmihail,0,1,0.1875,1,0.041666666666666664,-4.0,0.0,0.0,0,0,0,0,-1,-1,-1,-1,-1,-1,-1,-1,-1,-1,-1,-1,-1,-1,-1,0.0,0.0,0,0,0,0,-1,-1,-1,-1,-1,-1,-1,-1,-1,-1,0.0,0.0,0,0,0,1,-1,-1,-1,-1,-1,-1,-1,-1
256121753975,2025-05-13 05:43:14,8,2.0,1.0,1,1,2,9.5,10.130526315789472,9.5,8,0,1,4,0,1,0,0,0,10.130526315789472,9.5,14,0,0,1,4,0,1,0,1,0,1,10.130526315789472,9.5,14,0,0,1,4,0,1,0,1,0,0,salih2363,0,0,0.4642857142857143,0,0.0,5.5,0.0,0.0,0,0,0,0,-1,-1,-1,-1,-1,-1,-1,-1,-1,-1,-1,-1,-1,-1,-1,0.0,0.0,0,0,0,0,-1,-1,-1,-1,-1,-1,-1,-1,-1,-1,0.47526315789473683,0.0,1,0,0,0,-1,-1,-1,-1,-1,-1,-1,-1
256121756904,2025-05-13 05:43:52,8,2.0,1.0,0,2,1,5.9,-1.0,-1.0,-1,-1,-1,-1,-1,-1,-1,-1,-1,-1.0,-1.0,-1,-1,-1,-1,-1,-1,-1,-1,-1,-1,-1,-1.0,-1.0,-1,-1,-1,-1,-1,-1,-1,-1,-1,-1,-1,AAnimeLLove,0,1,0.30357142857142855,1,0.017857142857142856,3.7,-1.0,-1.0,-1,-1,-1,-1,-1,-1,-1,-1,-1,-1,-1,-1,-1,-1,-1,-1,-1,-1,-1,-1.0,-1.0,-1,-1,-1,-1,-1,-1,-1,-1,-1,-1,-1,-1,-1,-1,-1.0,-1.0,-1,-1,-1,-1,-1,-1,-1,-1,-1,-1,-1,-1
256121758360,2025-05-13 05:44:12,8,2.0,1.0,0,2,1,6.5,-1.0,-1.0,-1,-1,-1,-1,-1,-1,-1,-1,-1,-1.0,-1.0,-1,-1,-1,-1,-1,-1,-1,-1,-1,-1,-1,-1.0,-1.0,-1,-1,-1,-1,-1,-1,-1,-1,-1,-1,-1,Joker007r,0,1,0.25,1,0.2,4.0,-1.0,-1.0,-1,-1,-1,-1,-1,-1,-1,-1,-1,-1,-1,-1,-1,-1,-1,-1,-1,-1,-1,-1.0,-1.0,-1,-1,-1,-1,-1,-1,-1,-1,-1,-1,-1,-1,-1,-1,-1.0,-1.0,-1,-1,-1,-1,-1,-1,-1,-1,-1,-1,-1,-1
256121760780,2025-05-13 05:44:44,8,2.0,1.0,0,2,1,5.0,-1.0,-1.0,-1,-1,-1,-1,-1,-1,-1,-1,-1,-1.0,-1.0,-1,-1,-1,-1,-1,-1,-1,-1,-1,-1,-1,-1.0,-1.0,-1,-1,-1,-1,-1,-1,-1,-1,-1,-1,-1,Tocmihail,0,1,0.21568627450980393,1,0.058823529411764705,3.0,-1.0,-1.0,-1,-1,-1,-1,-1,-1,-1,-1,-1,-1,-1,-1,-1,-1,-1,-1,-1,-1,-1,-1.0,-1.0,-1,-1,-1,-1,-1,-1,-1,-1,-1,-1,-1,-1,-1,-1,-1.0,-1.0,-1,-1,-1,-1,-1,-1,-1,-1,-1,-1,-1,-1
256121763924,2025-05-13 05:45:25,8,2.0,1.0,1,1,2,9.5,10.488947368421051,9.5,7,0,1,4,0,1,0,1,0,10.488947368421051,9.5,7,1,0,1,4,0,1,0,1,0,1,10.488947368421051,9.5,12,1,0,1,4,0,1,0,1,0,1,Tocmihail,0,1,0.23076923076923078,1,0.057692307692307696,-4.0,0.0,0.0,0,0,0,0,-1,-1,-1,-1,-1,-1,-1,-1,-1,-1,-1,-1,-1,-1,-1,0.0,0.0,0,0,0,0,-1,-1,-1,-1,-1,-1,-1,-1,-1,-1,0.0,0.0,0,0,0,0,-1,-1,-1,-1,-1,-1,-1,-1
256121763924,2025-05-13 05:45:25,8,2.0,1.0,1,1,2,9.5,10.488947368421051,9.5,7,0,1,4,0,1,0,1,0,10.488947368421051,9.5,7,1,0,1,4,0,1,0,1,0,1,10.488947368421051,9.5,12,1,0,1,4,0,1,0,1,0,1,salih2363,1,0,0.4375,0,0.0,5.5,0.0,0.0,0,0,0,0,14,2,0,0,8,1,1,1,0,0,0,1,0,0,0,0.0,0.0,0,0,0,0,8,0,0,0,0,1,0,0,0,0,0.0,0.0,0,0,0,0,0,0,1,0,0,0,0,0
256121767136,2025-05-13 05:46:07,8,2.0,1.0,0,1,1,2.5,-1.0,-1.0,-1,-1,-1,-1,-1,-1,-1,-1,-1,-1.0,-1.0,-1,-1,-1,-1,-1,-1,-1,-1,-1,-1,-1,-1.0,-1.0,-1,-1,-1,-1,-1,-1,-1,-1,-1,-1,-1,Joker007r,0,1,0.2608695652173913,1,0.17391304347826086,1.5,-1.0,-1.0,-1,-1,-1,-1,-1,-1,-1,-1,-1,-1,-1,-1,-1,-1,-1,-1,-1,-1,-1,-1.0,-1.0,-1,-1,-1,-1,-1,-1,-1,-1,-1,-1,-1,-1,-1,-1,-1.0,-1.0,-1,-1,-1,-1,-1,-1,-1,-1,-1,-1,-1,-1
256121768333,2025-05-13 05:46:23,8,2.0,1.0,1,1,2,8.5,12.358823529411765,8.5,12,0,0,0,1,0,0,0,0,-1.0,-1.0,-1,-1,-1,-1,-1,-1,-1,-1,-1,-1,-1,-1.0,-1.0,-1,-1,-1,-1,-1,-1,-1,-1,-1,-1,-1,AAnimeLLove,0,1,0.29508196721311475,1,0.01639344262295082,5.0,0.2564705882352941,0.0,1,0,0,0,-1,-1,-1,-1,-1,-1,-1,-1,-1,-1,-1,-1,-1,-1,-1,-1.0,-1.0,-1,-1,-1,-1,-1,-1,-1,-1,-1,-1,-1,-1,-1,-1,-1.0,-1.0,-1,-1,-1,-1,-1,-1,-1,-1,-1,-1,-1,-1
256121768333,2025-05-13 05:46:23,8,2.0,1.0,1,1,2,8.5,12.358823529411765,8.5,12,0,0,0,1,0,0,0,0,-1.0,-1.0,-1,-1,-1,-1,-1,-1,-1,-1,-1,-1,-1,-1.0,-1.0,-1,-1,-1,-1,-1,-1,-1,-1,-1,-1,-1,salih2363,0,0,0.4411764705882353,0,0.0,-3.5,0.0,0.0,0,0,0,1,-1,-1,-1,-1,-1,-1,-1,-1,-1,-1,-1,-1,-1,-1,-1,-1.0,-1.0,-1,-1,-1,-1,-1,-1,-1,-1,-1,-1,-1,-1,-1,-1,-1.0,-1.0,-1,-1,-1,-1,-1,-1,-1,-1,-1,-1,-1,-1
256121771136,2025-05-13 05:46:59,8,2.0,1.0,0,1,2,6.5,14.923076923076923,6.5,14,0,0,0,1,0,0,0,0,14.923076923076923,6.5,14,0,0,1,8,1,0,0,1,0,1,14.923076923076923,6.5,14,0,0,1,9,0,1,0,1,0,0,Joker007r,1,1,0.28,1,0.16,3.5,0.0,0.0,0,0,0,0,13,11,0,0,0,0,1,0,0,0,0,0,1,0,0,0.0,0.0,0,0,0,0,0,1,0,0,0,0,1,0,0,0,0.0,0.0,0,0,0,0,1,0,0,0,1,0,0,0
256121771136,2025-05-13 05:46:59,8,2.0,1.0,0,1,2,6.5,14.923076923076923,6.5,14,0,0,0,1,0,0,0,0,14.923076923076923,6.5,14,0,0,1,8,1,0,0,1,0,1,14.923076923076923,6.5,14,0,0,1,9,0,1,0,1,0,0,WhatAFuuuuu,1,0,0.1111111111111111,0,0.0,-3.0,0.0,0.0,0,0,0,0,12,11,0,1,0,0,1,0,0,0,0,0,1,0,0,0.0,0.0,0,0,0,0,0,1,0,0,0,0,1,0,0,0,0.0,0.0,0,0,0,0,1,0,0,0,1,0,0,0
256121774999,2025-05-13 05:47:51,8,2.0,1.0,0,0,1,1.0,-1.0,-1.0,-1,-1,-1,-1,-1,-1,-1,-1,-1,-1.0,-1.0,-1,-1,-1,-1,-1,-1,-1,-1,-1,-1,-1,-1.0,-1.0,-1,-1,-1,-1,-1,-1,-1,-1,-1,-1,-1,Joker007r,0,0,0.2692307692307692,1,0.15384615384615385,0.5,-1.0,-1.0,-1,-1,-1,-1,-1,-1,-1,-1,-1,-1,-1,-1,-1,-1,-1,-1,-1,-1,-1,-1.0,-1.0,-1,-1,-1,-1,-1,-1,-1,-1,-1,-1,-1,-1,-1,-1,-1.0,-1.0,-1,-1,-1,-1,-1,-1,-1,-1,-1,-1,-1,-1
256121776708,2025-05-13 05:48:14,8,2.0,1.0,0,1,1,2.5,-1.0,-1.0,-1,-1,-1,-1,-1,-1,-1,-1,-1,-1.0,-1.0,-1,-1,-1,-1,-1,-1,-1,-1,-1,-1,-1,-1.0,-1.0,-1,-1,-1,-1,-1,-1,-1,-1,-1,-1,-1,Tocmihail,0,1,0.22807017543859648,1,0.05263157894736842,1.5,-1.0,-1.0,-1,-1,-1,-1,-1,-1,-1,-1,-1,-1,-1,-1,-1,-1,-1,-1,-1,-1,-1,-1.0,-1.0,-1,-1,-1,-1,-1,-1,-1,-1,-1,-1,-1,-1,-1,-1,-1.0,-1.0,-1,-1,-1,-1,-1,-1,-1,-1,-1,-1,-1,-1
256121777521,2025-05-13 05:48:25,8,2.0,1.0,0,2,1,5.5,-1.0,-1.0,-1,-1,-1,-1,-1,-1,-1,-1,-1,-1.0,-1.0,-1,-1,-1,-1,-1,-1,-1,-1,-1,-1,-1,-1.0,-1.0,-1,-1,-1,-1,-1,-1,-1,-1,-1,-1,-1,Joker007r,0,1,0.2857142857142857,1,0.17857142857142858,3.5,-1.0,-1.0,-1,-1,-1,-1,-1,-1,-1,-1,-1,-1,-1,-1,-1,-1,-1,-1,-1,-1,-1,-1.0,-1.0,-1,-1,-1,-1,-1,-1,-1,-1,-1,-1,-1,-1,-1,-1,-1.0,-1.0,-1,-1,-1,-1,-1,-1,-1,-1,-1,-1,-1,-1
256121779670,2025-05-13 05:48:54,8,2.0,1.0,0,1,2,6.0,16.166666666666668,11.7,9,0,1,9,0,1,0,1,0,8.047008547008549,11.7,9,1,0,1,9,0,1,0,1,0,1,8.047008547008549,28.37,13,1,0,1,9,0,1,0,1,0,1,Artiom888,1,0,0.17142857142857143,1,0.014285714285714285,14.185,0.47500000000000003,0.0,1,0,0,0,13,7,0,0,8,0,1,1,0,0,0,1,0,0,0,0.0,0.0,0,0,0,0,8,1,0,0,0,1,0,0,0,0,0.0,0.0,0,0,1,0,1,0,0,0,1,0,0,1
256121779670,2025-05-13 05:48:54,8,2.0,1.0,0,1,2,6.0,16.166666666666668,11.7,9,0,1,9,0,1,0,1,0,8.047008547008549,11.7,9,1,0,1,9,0,1,0,1,0,1,8.047008547008549,28.37,13,1,0,1,9,0,1,0,1,0,1,Tocmihail,1,1,0.23728813559322035,0,0.05084745762711865,-14.185,0.0,0.0,0,0,1,0,12,11,0,1,4,0,1,0,0,0,0,1,0,0,0,0.0,0.0,0,0,0,0,4,0,0,0,0,1,0,0,0,0,0.7123931623931625,0.0,1,0,0,0,1,0,0,1,0,0,0,0
256121784378,2025-05-13 05:49:58,8,2.0,1.0,1,1,2,10.5,9.385714285714286,10.5,7,1,1,7,1,0,0,0,0,9.385714285714286,10.5,7,1,0,1,7,0,1,0,0,0,0,9.385714285714286,10.5,7,1,1,1,7,0,1,0,0,0,0,AAnimeLLove,1,1,0.2835820895522388,0,0.014925373134328358,5.5,0.0,0.0,0,0,0,0,13,12,0,1,0,0,0,0,0,1,0,0,0,0,0,0.0,0.0,0,0,0,0,0,0,0,1,0,0,0,0,0,0,0.0,0.0,0,0,0,0,0,0,1,0,0,0,1,0
256121784378,2025-05-13 05:49:58,8,2.0,1.0,1,1,2,10.5,9.385714285714286,10.5,7,1,1,7,1,0,0,0,0,9.385714285714286,10.5,7,1,0,1,7,0,1,0,0,0,0,9.385714285714286,10.5,7,1,1,1,7,0,1,0,0,0,0,salih2363,0,0,0.4,1,0.0,-5.0,0.0,0.0,0,0,0,0,-1,-1,-1,-1,-1,-1,-1,-1,-1,-1,-1,-1,-1,-1,-1,0.0,0.0,0,0,0,0,-1,-1,-1,-1,-1,-1,-1,-1,-1,-1,0.0,0.0,0,0,0,0,-1,-1,-1,-1,-1,-1,-1,-1
256121788688,2025-05-13 05:50:57,8,2.0,1.0,0,1,1,2.5,-1.0,-1.0,-1,-1,-1,-1,-1,-1,-1,-1,-1,-1.0,-1.0,-1,-1,-1,-1,-1,-1,-1,-1,-1,-1,-1,-1.0,-1.0,-1,-1,-1,-1,-1,-1,-1,-1,-1,-1,-1,Joker007r,0,1,0.2903225806451613,1,0.16129032258064516,1.5,-1.0,-1.0,-1,-1,-1,-1,-1,-1,-1,-1,-1,-1,-1,-1,-1,-1,-1,-1,-1,-1,-1,-1.0,-1.0,-1,-1,-1,-1,-1,-1,-1,-1,-1,-1,-1,-1,-1,-1,-1.0,-1.0,-1,-1,-1,-1,-1,-1,-1,-1,-1,-1,-1,-1
256121790388,2025-05-13 05:51:20,8,2.0,1.0,0,1,3,10.5,9.1,10.5,10,0,1,10,0,1,0,1,0,9.1,42.019999999999996,10,0,0,1,10,0,0,1,1,1,1,2.2917658257972398,96.19999999999999,10,1,0,1,10,0,0,1,1,1,1,Joker007r,1,1,0.3125,0,0.15625,50.349999999999994,0.0,0.0,0,0,0,0,14,3,0,0,9,0,1,1,0,0,0,1,0,0,0,1.500952380952381,0.0,1,0,0,0,15,1,0,0,0,0,0,0,1,1,0.6446930033317468,0.0,1,0,0,0,1,0,0,0,0,0,1,0
256121790388,2025-05-13 05:51:20,8,2.0,1.0,0,1,3,10.5,9.1,10.5,10,0,1,10,0,1,0,1,0,9.1,42.019999999999996,10,0,0,1,10,0,0,1,1,1,1,2.2917658257972398,96.19999999999999,10,1,0,1,10,0,0,1,1,1,1,Tocmihail,0,0,0.24193548387096775,1,0.04838709677419355,-45.849999999999994,0.0,0.0,0,0,0,0,-1,-1,-1,-1,-1,-1,-1,-1,-1,-1,-1,-1,-1,-1,-1,0.0,0.0,0,0,1,0,-1,-1,-1,-1,-1,-1,-1,-1,-1,-1,0.0,0.0,0,0,1,0,-1,-1,-1,-1,-1,-1,-1,-1
256121790388,2025-05-13 05:51:20,8,2.0,1.0,0,1,3,10.5,9.1,10.5,10,0,1,10,0,1,0,1,0,9.1,42.019999999999996,10,0,0,1,10,0,0,1,1,1,1,2.2917658257972398,96.19999999999999,10,1,0,1,10,0,0,1,1,1,1,salih2363,0,0,0.40476190476190477,0,0.0,-3.0,0.0,0.0,0,0,0,0,-1,-1,-1,-1,-1,-1,-1,-1,-1,-1,-1,-1,-1,-1,-1,0.0,0.0,0,0,0,1,-1,-1,-1,-1,-1,-1,-1,-1,-1,-1,0.0,0.0,0,0,0,0,-1,-1,-1,-1,-1,-1,-1,-1
256121793925,2025-05-13 05:52:09,8,2.0,1.0,0,2,2,23.0,4.045217391304348,38.28,13,0,0,0,0,1,0,0,0,2.2309299895506793,38.28,14,0,0,1,14,0,0,1,0,1,1,-1.0,-1.0,-1,-1,-1,-1,-1,-1,-1,-1,-1,-1,-1,JohnTravoIta,0,1,0.20270270270270271,0,0.06756756756756757,19.64,0.33217391304347826,0.0,1,0,0,0,-1,-1,-1,-1,-1,-1,-1,-1,-1,-1,-1,-1,-1,-1,-1,0.33725182863113895,0.0,1,0,0,0,-1,-1,-1,-1,-1,-1,-1,-1,-1,-1,-1.0,-1.0,-1,-1,-1,-1,-1,-1,-1,-1,-1,-1,-1,-1
256121793925,2025-05-13 05:52:09,8,2.0,1.0,0,2,2,23.0,4.045217391304348,38.28,13,0,0,0,0,1,0,0,0,2.2309299895506793,38.28,14,0,0,1,14,0,0,1,0,1,1,-1.0,-1.0,-1,-1,-1,-1,-1,-1,-1,-1,-1,-1,-1,Joker007r,0,0,0.3333333333333333,1,0.15151515151515152,-18.64,0.0,0.0,0,0,1,0,-1,-1,-1,-1,-1,-1,-1,-1,-1,-1,-1,-1,-1,-1,-1,0.0,0.0,0,0,0,1,-1,-1,-1,-1,-1,-1,-1,-1,-1,-1,-1.0,-1.0,-1,-1,-1,-1,-1,-1,-1,-1,-1,-1,-1,-1
256121798951,2025-05-13 05:53:18,6,2.0,1.0,0,1,1,2.0,-1.0,-1.0,-1,-1,-1,-1,-1,-1,-1,-1,-1,-1.0,-1.0,-1,-1,-1,-1,-1,-1,-1,-1,-1,-1,-1,-1.0,-1.0,-1,-1,-1,-1,-1,-1,-1,-1,-1,-1,-1,WhatAFuuuuu,0,1,0.1111111111111111,1,0.0,1.0,-1.0,-1.0,-1,-1,-1,-1,-1,-1,-1,-1,-1,-1,-1,-1,-1,-1,-1,-1,-1,-1,-1,-1.0,-1.0,-1,-1,-1,-1,-1,-1,-1,-1,-1,-1,-1,-1,-1,-1,-1.0,-1.0,-1,-1,-1,-1,-1,-1,-1,-1,-1,-1,-1,-1
256121800498,2025-05-13 05:53:39,2,2.0,1.0,0,0,1,1.0,-1.0,-1.0,-1,-1,-1,-1,-1,-1,-1,-1,-1,-1.0,-1.0,-1,-1,-1,-1,-1,-1,-1,-1,-1,-1,-1,-1.0,-1.0,-1,-1,-1,-1,-1,-1,-1,-1,-1,-1,-1,WhatAFuuuuu,0,0,0.10526315789473684,1,0.0,0.5,-1.0,-1.0,-1,-1,-1,-1,-1,-1,-1,-1,-1,-1,-1,-1,-1,-1,-1,-1,-1,-1,-1,-1.0,-1.0,-1,-1,-1,-1,-1,-1,-1,-1,-1,-1,-1,-1,-1,-1,-1.0,-1.0,-1,-1,-1,-1,-1,-1,-1,-1,-1,-1,-1,-1
256121573819,2025-05-13 05:05:27,8,2.0,1.0,0,0,1,1.0,-1.0,-1.0,-1,-1,-1,-1,-1,-1,-1,-1,-1,-1.0,-1.0,-1,-1,-1,-1,-1,-1,-1,-1,-1,-1,-1,-1.0,-1.0,-1,-1,-1,-1,-1,-1,-1,-1,-1,-1,-1,alexnem98,0,0,0.0,1,0.0,0.5,-1.0,-1.0,-1,-1,-1,-1,-1,-1,-1,-1,-1,-1,-1,-1,-1,-1,-1,-1,-1,-1,-1,-1.0,-1.0,-1,-1,-1,-1,-1,-1,-1,-1,-1,-1,-1,-1,-1,-1,-1.0,-1.0,-1,-1,-1,-1,-1,-1,-1,-1,-1,-1,-1,-1
256121575321,2025-05-13 05:05:45,8,2.0,1.0,0,1,1,2.5,-1.0,-1.0,-1,-1,-1,-1,-1,-1,-1,-1,-1,-1.0,-1.0,-1,-1,-1,-1,-1,-1,-1,-1,-1,-1,-1,-1.0,-1.0,-1,-1,-1,-1,-1,-1,-1,-1,-1,-1,-1,RoadPumpkin,0,1,0.25925925925925924,1,0.0,1.5,-1.0,-1.0,-1,-1,-1,-1,-1,-1,-1,-1,-1,-1,-1,-1,-1,-1,-1,-1,-1,-1,-1,-1.0,-1.0,-1,-1,-1,-1,-1,-1,-1,-1,-1,-1,-1,-1,-1,-1,-1.0,-1.0,-1,-1,-1,-1,-1,-1,-1,-1,-1,-1,-1,-1
256121577810,2025-05-13 05:06:14,8,2.0,1.0,0,3,2,35.5,0.9780281690140845,104.94,10,0,1,7,0,1,0,1,0,0.0,104.94,12,0,0,1,7,0,1,0,1,0,1,0.0,104.94,12,0,0,1,7,0,1,0,1,0,0,Tocmihail,1,1,0.1111111111111111,0,0.05555555555555555,53.22,0.9859154929577465,0.0,1,0,0,0,13,13,1,0,0,0,1,0,0,0,0,0,0,1,0,0.0,0.0,0,0,0,0,0,0,0,0,0,0,0,1,0,0,0.0,0.0,0,0,0,0,0,0,0,0,0,1,0,0
256121577810,2025-05-13 05:06:14,8,2.0,1.0,0,3,2,35.5,0.9780281690140845,104.94,10,0,1,7,0,1,0,1,0,0.0,104.94,12,0,0,1,7,0,1,0,1,0,1,0.0,104.94,12,0,0,1,7,0,1,0,1,0,0,peti762010,1,0,0.3333333333333333,1,0.3333333333333333,-51.72,0.0,0.0,0,0,1,0,13,4,0,0,9,0,1,0,0,0,0,1,0,0,0,0.0,0.0,0,0,0,0,9,0,0,0,0,1,0,0,0,0,0.0,0.0,0,0,0,0,0,0,0,0,1,0,0,1
256121582876,2025-05-13 05:07:15,7,2.0,1.0,0,1,1,2.5,-1.0,-1.0,-1,-1,-1,-1,-1,-1,-1,-1,-1,-1.0,-1.0,-1,-1,-1,-1,-1,-1,-1,-1,-1,-1,-1,-1.0,-1.0,-1,-1,-1,-1,-1,-1,-1,-1,-1,-1,-1,RoadPumpkin,0,1,0.27586206896551724,1,0.0,1.5,-1.0,-1.0,-1,-1,-1,-1,-1,-1,-1,-1,-1,-1,-1,-1,-1,-1,-1,-1,-1,-1,-1,-1.0,-1.0,-1,-1,-1,-1,-1,-1,-1,-1,-1,-1,-1,-1,-1,-1,-1.0,-1.0,-1,-1,-1,-1,-1,-1,-1,-1,-1,-1,-1,-1
256121584307,2025-05-13 05:07:32,8,2.0,1.0,0,2,1,6.0,-1.0,-1.0,-1,-1,-1,-1,-1,-1,-1,-1,-1,-1.0,-1.0,-1,-1,-1,-1,-1,-1,-1,-1,-1,-1,-1,-1.0,-1.0,-1,-1,-1,-1,-1,-1,-1,-1,-1,-1,-1,Joker007r,0,1,0.07692307692307693,1,0.038461538461538464,3.0,-1.0,-1.0,-1,-1,-1,-1,-1,-1,-1,-1,-1,-1,-1,-1,-1,-1,-1,-1,-1,-1,-1,-1.0,-1.0,-1,-1,-1,-1,-1,-1,-1,-1,-1,-1,-1,-1,-1,-1,-1.0,-1.0,-1,-1,-1,-1,-1,-1,-1,-1,-1,-1,-1,-1
256121588243,2025-05-13 05:08:18,9,2.0,1.0,0,1,2,5.5,14.293636363636363,5.5,13,0,0,0,0,1,0,0,0,-1.0,-1.0,-1,-1,-1,-1,-1,-1,-1,-1,-1,-1,-1,-1.0,-1.0,-1,-1,-1,-1,-1,-1,-1,-1,-1,-1,-1,AAnimeLLove,0,1,0.125,1,0.0,-2.5,0.0,0.0,0,0,0,1,-1,-1,-1,-1,-1,-1,-1,-1,-1,-1,-1,-1,-1,-1,-1,-1.0,-1.0,-1,-1,-1,-1,-1,-1,-1,-1,-1,-1,-1,-1,-1,-1,-1.0,-1.0,-1,-1,-1,-1,-1,-1,-1,-1,-1,-1,-1,-1
256121588243,2025-05-13 05:08:18,9,2.0,1.0,0,1,2,5.5,14.293636363636363,5.5,13,0,0,0,0,1,0,0,0,-1.0,-1.0,-1,-1,-1,-1,-1,-1,-1,-1,-1,-1,-1,-1.0,-1.0,-1,-1,-1,-1,-1,-1,-1,-1,-1,-1,-1,peti762010,0,0,0.5,0,0.25,3.0,0.7272727272727273,0.0,1,0,0,0,-1,-1,-1,-1,-1,-1,-1,-1,-1,-1,-1,-1,-1,-1,-1,-1.0,-1.0,-1,-1,-1,-1,-1,-1,-1,-1,-1,-1,-1,-1,-1,-1,-1.0,-1.0,-1,-1,-1,-1,-1,-1,-1,-1,-1,-1,-1,-1
256121590085,2025-05-13 05:08:40,9,2.0,1.0,0,2,1,8.100000000000001,-1.0,-1.0,-1,-1,-1,-1,-1,-1,-1,-1,-1,-1.0,-1.0,-1,-1,-1,-1,-1,-1,-1,-1,-1,-1,-1,-1.0,-1.0,-1,-1,-1,-1,-1,-1,-1,-1,-1,-1,-1,Joker007r,0,1,0.0967741935483871,1,0.06451612903225806,5.9,-1.0,-1.0,-1,-1,-1,-1,-1,-1,-1,-1,-1,-1,-1,-1,-1,-1,-1,-1,-1,-1,-1,-1.0,-1.0,-1,-1,-1,-1,-1,-1,-1,-1,-1,-1,-1,-1,-1,-1,-1.0,-1.0,-1,-1,-1,-1,-1,-1,-1,-1,-1,-1,-1,-1
256121593299,2025-05-13 05:09:20,9,2.0,1.0,0,1,1,2.5,-1.0,-1.0,-1,-1,-1,-1,-1,-1,-1,-1,-1,-1.0,-1.0,-1,-1,-1,-1,-1,-1,-1,-1,-1,-1,-1,-1.0,-1.0,-1,-1,-1,-1,-1,-1,-1,-1,-1,-1,-1,peti762010,0,1,0.5,1,0.16666666666666666,1.5,-1.0,-1.0,-1,-1,-1,-1,-1,-1,-1,-1,-1,-1,-1,-1,-1,-1,-1,-1,-1,-1,-1,-1.0,-1.0,-1,-1,-1,-1,-1,-1,-1,-1,-1,-1,-1,-1,-1,-1,-1.0,-1.0,-1,-1,-1,-1,-1,-1,-1,-1,-1,-1,-1,-1
256121595171,2025-05-13 05:09:42,9,2.0,1.0,0,0,1,1.0,-1.0,-1.0,-1,-1,-1,-1,-1,-1,-1,-1,-1,-1.0,-1.0,-1,-1,-1,-1,-1,-1,-1,-1,-1,-1,-1,-1.0,-1.0,-1,-1,-1,-1,-1,-1,-1,-1,-1,-1,-1,Artiom888,0,0,0.19047619047619047,1,0.06349206349206349,0.5,-1.0,-1.0,-1,-1,-1,-1,-1,-1,-1,-1,-1,-1,-1,-1,-1,-1,-1,-1,-1,-1,-1,-1.0,-1.0,-1,-1,-1,-1,-1,-1,-1,-1,-1,-1,-1,-1,-1,-1,-1.0,-1.0,-1,-1,-1,-1,-1,-1,-1,-1,-1,-1,-1,-1
256121596525,2025-05-13 05:09:59,9,2.0,1.0,1,1,3,11.0,7.3945454545454545,29.0,7,1,1,7,0,1,0,0,0,2.49448275862069,59.0,7,1,0,1,7,0,1,0,1,0,1,0.9718644067796611,99.0,12,1,0,1,7,0,1,0,1,0,1,RoadPumpkin,0,1,0.2571428571428571,1,0.0,-3.5,0.0,0.0,0,0,0,1,-1,-1,-1,-1,-1,-1,-1,-1,-1,-1,-1,-1,-1,-1,-1,0.0,0.0,0,0,0,0,-1,-1,-1,-1,-1,-1,-1,-1,-1,-1,0.0,0.0,0,0,0,0,-1,-1,-1,-1,-1,-1,-1,-1
256121596525,2025-05-13 05:09:59,9,2.0,1.0,1,1,3,11.0,7.3945454545454545,29.0,7,1,1,7,0,1,0,0,0,2.49448275862069,59.0,7,1,0,1,7,0,1,0,1,0,1,0.9718644067796611,99.0,12,1,0,1,7,0,1,0,1,0,1,alexnem98,1,0,0.1,0,0.0,51.5,0.0,0.0,0,0,1,0,8,8,1,0,0,1,1,0,0,0,0,0,0,1,0,0.0,0.0,0,0,1,0,4,0,0,0,0,0,0,1,0,0,0.0,0.0,0,0,1,0,1,0,0,0,1,0,0,0
256121596525,2025-05-13 05:09:59,9,2.0,1.0,1,1,3,11.0,7.3945454545454545,29.0,7,1,1,7,0,1,0,0,0,2.49448275862069,59.0,7,1,0,1,7,0,1,0,1,0,1,0.9718644067796611,99.0,12,1,0,1,7,0,1,0,1,0,1,peti762010,1,0,0.5,0,0.125,-47.5,0.8181818181818182,0.0,1,0,0,0,7,3,0,0,0,1,1,0,0,0,0,0,1,0,0,0.5172413793103449,0.0,1,0,0,0,4,1,0,0,0,0,1,0,0,0,0.3389830508474576,0.0,1,0,0,0,0,0,0,0,1,0,0,0
256121602586,2025-05-13 05:11:12,9,2.0,1.0,0,1,1,2.5,-1.0,-1.0,-1,-1,-1,-1,-1,-1,-1,-1,-1,-1.0,-1.0,-1,-1,-1,-1,-1,-1,-1,-1,-1,-1,-1,-1.0,-1.0,-1,-1,-1,-1,-1,-1,-1,-1,-1,-1,-1,AAnimeLLove,0,1,0.125,1,0.0,1.5,-1.0,-1.0,-1,-1,-1,-1,-1,-1,-1,-1,-1,-1,-1,-1,-1,-1,-1,-1,-1,-1,-1,-1.0,-1.0,-1,-1,-1,-1,-1,-1,-1,-1,-1,-1,-1,-1,-1,-1,-1.0,-1.0,-1,-1,-1,-1,-1,-1,-1,-1,-1,-1,-1,-1
256121603930,2025-05-13 05:11:29,9,2.0,1.0,0,1,1,2.5,-1.0,-1.0,-1,-1,-1,-1,-1,-1,-1,-1,-1,-1.0,-1.0,-1,-1,-1,-1,-1,-1,-1,-1,-1,-1,-1,-1.0,-1.0,-1,-1,-1,-1,-1,-1,-1,-1,-1,-1,-1,AAnimeLLove,0,1,0.16666666666666666,1,0.0,1.5,-1.0,-1.0,-1,-1,-1,-1,-1,-1,-1,-1,-1,-1,-1,-1,-1,-1,-1,-1,-1,-1,-1,-1.0,-1.0,-1,-1,-1,-1,-1,-1,-1,-1,-1,-1,-1,-1,-1,-1,-1.0,-1.0,-1,-1,-1,-1,-1,-1,-1,-1,-1,-1,-1,-1
256121605452,2025-05-13 05:11:47,9,2.0,1.0,1,2,1,13.0,-1.0,-1.0,-1,-1,-1,-1,-1,-1,-1,-1,-1,-1.0,-1.0,-1,-1,-1,-1,-1,-1,-1,-1,-1,-1,-1,-1.0,-1.0,-1,-1,-1,-1,-1,-1,-1,-1,-1,-1,-1,alexnem98,0,1,0.15384615384615385,1,0.07692307692307693,9.5,-1.0,-1.0,-1,-1,-1,-1,-1,-1,-1,-1,-1,-1,-1,-1,-1,-1,-1,-1,-1,-1,-1,-1.0,-1.0,-1,-1,-1,-1,-1,-1,-1,-1,-1,-1,-1,-1,-1,-1,-1.0,-1.0,-1,-1,-1,-1,-1,-1,-1,-1,-1,-1,-1,-1
256121609855,2025-05-13 05:12:41,9,2.0,1.0,0,1,1,2.5,-1.0,-1.0,-1,-1,-1,-1,-1,-1,-1,-1,-1,-1.0,-1.0,-1,-1,-1,-1,-1,-1,-1,-1,-1,-1,-1,-1.0,-1.0,-1,-1,-1,-1,-1,-1,-1,-1,-1,-1,-1,AAnimeLLove,0,1,0.22727272727272727,1,0.0,1.5,-1.0,-1.0,-1,-1,-1,-1,-1,-1,-1,-1,-1,-1,-1,-1,-1,-1,-1,-1,-1,-1,-1,-1.0,-1.0,-1,-1,-1,-1,-1,-1,-1,-1,-1,-1,-1,-1,-1,-1,-1.0,-1.0,-1,-1,-1,-1,-1,-1,-1,-1,-1,-1,-1,-1
256121611618,2025-05-13 05:13:03,9,2.0,1.0,0,1,2,4.9,6.96734693877551,19.9,13,1,0,0,1,0,0,0,0,-1.0,-1.0,-1,-1,-1,-1,-1,-1,-1,-1,-1,-1,-1,-1.0,-1.0,-1,-1,-1,-1,-1,-1,-1,-1,-1,-1,-1,CashfishT,0,1,0.1643835616438356,1,0.0136986301369863,-9.7,0.0,1.530612244897959,0,1,0,1,-1,-1,-1,-1,-1,-1,-1,-1,-1,-1,-1,-1,-1,-1,-1,-1.0,-1.0,-1,-1,-1,-1,-1,-1,-1,-1,-1,-1,-1,-1,-1,-1,-1.0,-1.0,-1,-1,-1,-1,-1,-1,-1,-1,-1,-1,-1,-1
256121611618,2025-05-13 05:13:03,9,2.0,1.0,0,1,2,4.9,6.96734693877551,19.9,13,1,0,0,1,0,0,0,0,-1.0,-1.0,-1,-1,-1,-1,-1,-1,-1,-1,-1,-1,-1,-1.0,-1.0,-1,-1,-1,-1,-1,-1,-1,-1,-1,-1,-1,peti762010,0,0,0.46153846153846156,0,0.07692307692307693,10.2,0.2040816326530612,2.8571428571428568,1,1,0,0,-1,-1,-1,-1,-1,-1,-1,-1,-1,-1,-1,-1,-1,-1,-1,-1.0,-1.0,-1,-1,-1,-1,-1,-1,-1,-1,-1,-1,-1,-1,-1,-1,-1.0,-1.0,-1,-1,-1,-1,-1,-1,-1,-1,-1,-1,-1,-1
256121615441,2025-05-13 05:13:50,9,2.0,1.0,0,3,2,28.5,1.1594736842105264,94.59,13,0,1,5,0,1,0,0,0,0.0,94.59,13,0,0,1,5,0,1,0,1,0,1,0.0,94.59,14,0,0,1,14,0,1,0,1,0,1,Joker007r,1,0,0.10638297872340426,1,0.0851063829787234,49.045,0.0,0.0,0,0,1,0,13,10,0,0,0,1,0,0,0,0,0,0,0,1,0,0.0,0.0,0,0,0,0,0,1,0,0,0,0,0,1,0,0,0.0,0.0,0,0,0,0,1,0,0,0,1,0,0,0
256121615441,2025-05-13 05:13:50,9,2.0,1.0,0,3,2,28.5,1.1594736842105264,94.59,13,0,1,5,0,1,0,0,0,0.0,94.59,13,0,0,1,5,0,1,0,1,0,1,0.0,94.59,14,0,0,1,14,0,1,0,1,0,1,peti762010,1,1,0.5,0,0.14285714285714285,-45.545,1.1594736842105264,0.0,1,0,0,0,11,4,0,0,0,0,0,0,0,0,0,0,1,0,0,0.0,0.0,0,0,0,0,0,1,0,0,0,0,1,0,0,0,0.0,0.0,0,0,0,0,1,0,0,0,1,0,0,0
256121622365,2025-05-13 05:15:16,8,2.0,1.0,0,1,2,5.5,17.727272727272727,8.32,13,0,1,13,0,1,0,0,0,-1.0,-1.0,-1,-1,-1,-1,-1,-1,-1,-1,-1,-1,-1,-1.0,-1.0,-1,-1,-1,-1,-1,-1,-1,-1,-1,-1,-1,AAnimeLLove,0,1,0.20689655172413793,1,0.0,-3.91,0.25636363636363635,0.0,1,0,0,1,-1,-1,-1,-1,-1,-1,-1,-1,-1,-1,-1,-1,-1,-1,-1,-1.0,-1.0,-1,-1,-1,-1,-1,-1,-1,-1,-1,-1,-1,-1,-1,-1,-1.0,-1.0,-1,-1,-1,-1,-1,-1,-1,-1,-1,-1,-1,-1
256121622365,2025-05-13 05:15:16,8,2.0,1.0,0,1,2,5.5,17.727272727272727,8.32,13,0,1,13,0,1,0,0,0,-1.0,-1.0,-1,-1,-1,-1,-1,-1,-1,-1,-1,-1,-1,-1.0,-1.0,-1,-1,-1,-1,-1,-1,-1,-1,-1,-1,-1,Artiom888,0,0,0.17721518987341772,0,0.05063291139240506,4.41,0.0,1.3536363636363637,0,1,0,0,-1,-1,-1,-1,-1,-1,-1,-1,-1,-1,-1,-1,-1,-1,-1,-1.0,-1.0,-1,-1,-1,-1,-1,-1,-1,-1,-1,-1,-1,-1,-1,-1,-1.0,-1.0,-1,-1,-1,-1,-1,-1,-1,-1,-1,-1,-1,-1
256121625175,2025-05-13 05:15:50,8,2.0,1.0,0,2,1,6.0,-1.0,-1.0,-1,-1,-1,-1,-1,-1,-1,-1,-1,-1.0,-1.0,-1,-1,-1,-1,-1,-1,-1,-1,-1,-1,-1,-1.0,-1.0,-1,-1,-1,-1,-1,-1,-1,-1,-1,-1,-1,alexnem98,0,1,0.16666666666666666,1,0.1111111111111111,3.0,-1.0,-1.0,-1,-1,-1,-1,-1,-1,-1,-1,-1,-1,-1,-1,-1,-1,-1,-1,-1,-1,-1,-1.0,-1.0,-1,-1,-1,-1,-1,-1,-1,-1,-1,-1,-1,-1,-1,-1,-1.0,-1.0,-1,-1,-1,-1,-1,-1,-1,-1,-1,-1,-1,-1
256121627066,2025-05-13 05:16:14,8,2.0,1.0,0,1,1,2.5,-1.0,-1.0,-1,-1,-1,-1,-1,-1,-1,-1,-1,-1.0,-1.0,-1,-1,-1,-1,-1,-1,-1,-1,-1,-1,-1,-1.0,-1.0,-1,-1,-1,-1,-1,-1,-1,-1,-1,-1,-1,AAnimeLLove,0,1,0.21212121212121213,1,0.0,1.5,-1.0,-1.0,-1,-1,-1,-1,-1,-1,-1,-1,-1,-1,-1,-1,-1,-1,-1,-1,-1,-1,-1,-1.0,-1.0,-1,-1,-1,-1,-1,-1,-1,-1,-1,-1,-1,-1,-1,-1,-1.0,-1.0,-1,-1,-1,-1,-1,-1,-1,-1,-1,-1,-1,-1
256121628107,2025-05-13 05:16:27,8,2.0,1.0,0,1,2,5.5,17.727272727272727,8.95,13,0,0,0,1,0,0,0,0,-1.0,-1.0,-1,-1,-1,-1,-1,-1,-1,-1,-1,-1,-1,-1.0,-1.0,-1,-1,-1,-1,-1,-1,-1,-1,-1,-1,-1,JohnTravoIta,0,0,0.11904761904761904,0,0.0,4.725,0.0,1.5218181818181817,0,1,0,0,-1,-1,-1,-1,-1,-1,-1,-1,-1,-1,-1,-1,-1,-1,-1,-1.0,-1.0,-1,-1,-1,-1,-1,-1,-1,-1,-1,-1,-1,-1,-1,-1,-1.0,-1.0,-1,-1,-1,-1,-1,-1,-1,-1,-1,-1,-1,-1
256121628107,2025-05-13 05:16:27,8,2.0,1.0,0,1,2,5.5,17.727272727272727,8.95,13,0,0,0,1,0,0,0,0,-1.0,-1.0,-1,-1,-1,-1,-1,-1,-1,-1,-1,-1,-1,-1.0,-1.0,-1,-1,-1,-1,-1,-1,-1,-1,-1,-1,-1,alexnem98,0,1,0.2,1,0.1,-4.225,0.31363636363636366,0.0,1,0,0,1,-1,-1,-1,-1,-1,-1,-1,-1,-1,-1,-1,-1,-1,-1,-1,-1.0,-1.0,-1,-1,-1,-1,-1,-1,-1,-1,-1,-1,-1,-1,-1,-1,-1.0,-1.0,-1,-1,-1,-1,-1,-1,-1,-1,-1,-1,-1,-1
256121632881,2025-05-13 05:17:25,8,2.0,1.0,0,1,1,2.5,-1.0,-1.0,-1,-1,-1,-1,-1,-1,-1,-1,-1,-1.0,-1.0,-1,-1,-1,-1,-1,-1,-1,-1,-1,-1,-1,-1.0,-1.0,-1,-1,-1,-1,-1,-1,-1,-1,-1,-1,-1,Joker007r,0,1,0.12962962962962962,1,0.07407407407407407,1.5,-1.0,-1.0,-1,-1,-1,-1,-1,-1,-1,-1,-1,-1,-1,-1,-1,-1,-1,-1,-1,-1,-1,-1.0,-1.0,-1,-1,-1,-1,-1,-1,-1,-1,-1,-1,-1,-1,-1,-1,-1.0,-1.0,-1,-1,-1,-1,-1,-1,-1,-1,-1,-1,-1,-1
256121635987,2025-05-13 05:18:04,7,2.0,1.0,0,1,1,2.5,-1.0,-1.0,-1,-1,-1,-1,-1,-1,-1,-1,-1,-1.0,-1.0,-1,-1,-1,-1,-1,-1,-1,-1,-1,-1,-1,-1.0,-1.0,-1,-1,-1,-1,-1,-1,-1,-1,-1,-1,-1,alexnem98,0,1,0.22727272727272727,1,0.09090909090909091,1.5,-1.0,-1.0,-1,-1,-1,-1,-1,-1,-1,-1,-1,-1,-1,-1,-1,-1,-1,-1,-1,-1,-1,-1.0,-1.0,-1,-1,-1,-1,-1,-1,-1,-1,-1,-1,-1,-1,-1,-1,-1.0,-1.0,-1,-1,-1,-1,-1,-1,-1,-1,-1,-1,-1,-1
256121637782,2025-05-13 05:18:27,5,2.0,1.0,0,2,1,6.5,-1.0,-1.0,-1,-1,-1,-1,-1,-1,-1,-1,-1,-1.0,-1.0,-1,-1,-1,-1,-1,-1,-1,-1,-1,-1,-1,-1.0,-1.0,-1,-1,-1,-1,-1,-1,-1,-1,-1,-1,-1,Tocmihail,0,1,0.13157894736842105,1,0.05263157894736842,4.0,-1.0,-1.0,-1,-1,-1,-1,-1,-1,-1,-1,-1,-1,-1,-1,-1,-1,-1,-1,-1,-1,-1,-1.0,-1.0,-1,-1,-1,-1,-1,-1,-1,-1,-1,-1,-1,-1,-1,-1,-1.0,-1.0,-1,-1,-1,-1,-1,-1,-1,-1,-1,-1,-1,-1
256121639632,2025-05-13 05:18:50,5,2.0,1.0,0,2,1,5.399999999999999,-1.0,-1.0,-1,-1,-1,-1,-1,-1,-1,-1,-1,-1.0,-1.0,-1,-1,-1,-1,-1,-1,-1,-1,-1,-1,-1,-1.0,-1.0,-1,-1,-1,-1,-1,-1,-1,-1,-1,-1,-1,Artiom888,0,1,0.1978021978021978,1,0.054945054945054944,3.2,-1.0,-1.0,-1,-1,-1,-1,-1,-1,-1,-1,-1,-1,-1,-1,-1,-1,-1,-1,-1,-1,-1,-1.0,-1.0,-1,-1,-1,-1,-1,-1,-1,-1,-1,-1,-1,-1,-1,-1,-1.0,-1.0,-1,-1,-1,-1,-1,-1,-1,-1,-1,-1,-1,-1
256121642033,2025-05-13 05:19:21,5,2.0,1.0,0,3,1,18.0,-1.0,-1.0,-1,-1,-1,-1,-1,-1,-1,-1,-1,-1.0,-1.0,-1,-1,-1,-1,-1,-1,-1,-1,-1,-1,-1,-1.0,-1.0,-1,-1,-1,-1,-1,-1,-1,-1,-1,-1,-1,CashfishT,0,1,0.14942528735632185,1,0.022988505747126436,9.0,-1.0,-1.0,-1,-1,-1,-1,-1,-1,-1,-1,-1,-1,-1,-1,-1,-1,-1,-1,-1,-1,-1,-1.0,-1.0,-1,-1,-1,-1,-1,-1,-1,-1,-1,-1,-1,-1,-1,-1,-1.0,-1.0,-1,-1,-1,-1,-1,-1,-1,-1,-1,-1,-1,-1
256121645871,2025-05-13 05:20:09,3,2.0,1.0,0,1,2,4.9,20.612244897959183,4.9,9,1,0,0,1,0,0,0,0,20.612244897959183,9.56,14,1,0,0,0,0,1,0,0,0,1,10.32112970711297,9.56,14,1,0,1,10,0,1,0,0,0,0,Artiom888,1,0,0.21428571428571427,0,0.061224489795918366,-4.53,0.0,0.0,0,0,0,0,13,5,0,0,0,0,0,0,0,0,0,0,1,0,0,0.0,0.0,0,0,1,0,0,0,0,0,0,0,1,0,0,0,0.0,0.0,0,0,0,0,0,0,0,0,1,0,0,0
256121645871,2025-05-13 05:20:09,3,2.0,1.0,0,1,2,4.9,20.612244897959183,4.9,9,1,0,0,1,0,0,0,0,20.612244897959183,9.56,14,1,0,0,0,0,1,0,0,0,1,10.32112970711297,9.56,14,1,0,1,10,0,1,0,0,0,0,CashfishT,1,1,0.1590909090909091,1,0.022727272727272728,5.03,0.0,0.0,0,0,0,0,13,10,0,0,0,0,1,0,0,1,0,0,0,0,0,0.47551020408163264,0.0,1,0,0,0,0,0,0,1,0,0,0,0,0,0,0.0,0.0,0,0,0,0,0,0,0,0,1,0,0,1
256121649989,2025-05-13 05:21:01,3,2.0,1.0,0,1,2,6.0,16.166666666666668,6.0,7,1,0,0,1,0,0,0,0,16.166666666666668,6.0,7,1,0,0,0,1,0,0,1,0,1,-1.0,-1.0,-1,-1,-1,-1,-1,-1,-1,-1,-1,-1,-1,Artiom888,0,1,0.22,0,0.06,-3.0,0.0,0.0,0,0,0,0,-1,-1,-1,-1,-1,-1,-1,-1,-1,-1,-1,-1,-1,-1,-1,0.0,0.0,0,0,0,1,-1,-1,-1,-1,-1,-1,-1,-1,-1,-1,-1.0,-1.0,-1,-1,-1,-1,-1,-1,-1,-1,-1,-1,-1,-1
256121649989,2025-05-13 05:21:01,3,2.0,1.0,0,1,2,6.0,16.166666666666668,6.0,7,1,0,0,1,0,0,0,0,16.166666666666668,6.0,7,1,0,0,0,1,0,0,1,0,1,-1.0,-1.0,-1,-1,-1,-1,-1,-1,-1,-1,-1,-1,-1,CashfishT,0,0,0.16853932584269662,1,0.02247191011235955,3.0,0.0,0.0,0,0,0,0,-1,-1,-1,-1,-1,-1,-1,-1,-1,-1,-1,-1,-1,-1,-1,0.47500000000000003,0.0,1,0,0,0,-1,-1,-1,-1,-1,-1,-1,-1,-1,-1,-1.0,-1.0,-1,-1,-1,-1,-1,-1,-1,-1,-1,-1,-1,-1
256121656402,2025-05-13 05:22:22,3,2.0,1.0,0,0,1,1.0,-1.0,-1.0,-1,-1,-1,-1,-1,-1,-1,-1,-1,-1.0,-1.0,-1,-1,-1,-1,-1,-1,-1,-1,-1,-1,-1,-1.0,-1.0,-1,-1,-1,-1,-1,-1,-1,-1,-1,-1,-1,JohnTravoIta,0,0,0.14,1,0.02,0.5,-1.0,-1.0,-1,-1,-1,-1,-1,-1,-1,-1,-1,-1,-1,-1,-1,-1,-1,-1,-1,-1,-1,-1.0,-1.0,-1,-1,-1,-1,-1,-1,-1,-1,-1,-1,-1,-1,-1,-1,-1.0,-1.0,-1,-1,-1,-1,-1,-1,-1,-1,-1,-1,-1,-1
256121657036,2025-05-13 05:22:30,3,2.0,1.0,0,1,2,6.0,16.166666666666668,6.0,13,0,1,4,0,1,0,0,0,-1.0,-1.0,-1,-1,-1,-1,-1,-1,-1,-1,-1,-1,-1,-1.0,-1.0,-1,-1,-1,-1,-1,-1,-1,-1,-1,-1,-1,Artiom888,0,0,0.23076923076923078,1,0.057692307692307696,-3.0,0.0,0.0,0,0,0,1,-1,-1,-1,-1,-1,-1,-1,-1,-1,-1,-1,-1,-1,-1,-1,-1.0,-1.0,-1,-1,-1,-1,-1,-1,-1,-1,-1,-1,-1,-1,-1,-1,-1.0,-1.0,-1,-1,-1,-1,-1,-1,-1,-1,-1,-1,-1,-1
256121657036,2025-05-13 05:22:30,3,2.0,1.0,0,1,2,6.0,16.166666666666668,6.0,13,0,1,4,0,1,0,0,0,-1.0,-1.0,-1,-1,-1,-1,-1,-1,-1,-1,-1,-1,-1,-1.0,-1.0,-1,-1,-1,-1,-1,-1,-1,-1,-1,-1,-1,JohnTravoIta,0,1,0.1568627450980392,0,0.0196078431372549,3.0,0.25,0.0,1,0,0,0,-1,-1,-1,-1,-1,-1,-1,-1,-1,-1,-1,-1,-1,-1,-1,-1.0,-1.0,-1,-1,-1,-1,-1,-1,-1,-1,-1,-1,-1,-1,-1,-1,-1.0,-1.0,-1,-1,-1,-1,-1,-1,-1,-1,-1,-1,-1,-1
256121660371,2025-05-13 05:23:12,3,2.0,1.0,0,1,1,2.0,-1.0,-1.0,-1,-1,-1,-1,-1,-1,-1,-1,-1,-1.0,-1.0,-1,-1,-1,-1,-1,-1,-1,-1,-1,-1,-1,-1.0,-1.0,-1,-1,-1,-1,-1,-1,-1,-1,-1,-1,-1,Artiom888,0,1,0.2358490566037736,1,0.05660377358490566,1.0,-1.0,-1.0,-1,-1,-1,-1,-1,-1,-1,-1,-1,-1,-1,-1,-1,-1,-1,-1,-1,-1,-1,-1.0,-1.0,-1,-1,-1,-1,-1,-1,-1,-1,-1,-1,-1,-1,-1,-1,-1.0,-1.0,-1,-1,-1,-1,-1,-1,-1,-1,-1,-1,-1,-1
256121662036,2025-05-13 05:23:33,4,2.0,1.0,0,0,1,1.0,-1.0,-1.0,-1,-1,-1,-1,-1,-1,-1,-1,-1,-1.0,-1.0,-1,-1,-1,-1,-1,-1,-1,-1,-1,-1,-1,-1.0,-1.0,-1,-1,-1,-1,-1,-1,-1,-1,-1,-1,-1,oledgyk,0,0,0.0,1,0.0,0.5,-1.0,-1.0,-1,-1,-1,-1,-1,-1,-1,-1,-1,-1,-1,-1,-1,-1,-1,-1,-1,-1,-1,-1.0,-1.0,-1,-1,-1,-1,-1,-1,-1,-1,-1,-1,-1,-1,-1,-1,-1.0,-1.0,-1,-1,-1,-1,-1,-1,-1,-1,-1,-1,-1,-1
256121662992,2025-05-13 05:23:45,5,2.0,1.0,0,0,3,3.0,26.388333333333335,6.0,11,0,0,0,1,0,0,0,0,16.333333333333332,22.060000000000002,11,1,0,0,0,0,1,0,0,0,1,4.078422484134179,62.06,11,1,0,0,0,0,0,1,0,1,1,JohnTravoIta,1,0,0.14814814814814814,0,0.018518518518518517,0.5,0.0,0.0,0,0,1,0,11,2,0,0,0,0,0,0,0,0,0,0,0,1,0,0.0,1.3383333333333332,0,1,0,0,0,0,0,0,0,0,0,0,1,1,0.0,0.9066183136899364,0,1,0,0,0,0,0,0,0,0,1,0
256121662992,2025-05-13 05:23:45,5,2.0,1.0,0,0,3,3.0,26.388333333333335,6.0,11,0,0,0,1,0,0,0,0,16.333333333333332,22.060000000000002,11,1,0,0,0,0,1,0,0,0,1,4.078422484134179,62.06,11,1,0,0,0,0,0,1,0,1,1,oledgyk,1,0,0.5,0,0.0,0.5,0.5,0.0,1,0,0,0,11,9,0,0,0,0,1,0,0,0,0,0,0,1,0,0.3133333333333333,0.0,1,0,1,0,0,0,0,0,0,0,0,0,1,1,0.23798730734360832,0.0,1,0,1,0,0,0,0,0,0,0,1,0
256121662992,2025-05-13 05:23:45,5,2.0,1.0,0,0,3,3.0,26.388333333333335,6.0,11,0,0,0,1,0,0,0,0,16.333333333333332,22.060000000000002,11,1,0,0,0,0,1,0,0,0,1,4.078422484134179,62.06,11,1,0,0,0,0,0,1,0,1,1,salih2363,0,0,0.0,1,0.0,-1.0,0.0,0.0,0,0,0,1,-1,-1,-1,-1,-1,-1,-1,-1,-1,-1,-1,-1,-1,-1,-1,0.0,0.0,0,0,0,0,-1,-1,-1,-1,-1,-1,-1,-1,-1,-1,0.0,0.0,0,0,0,0,-1,-1,-1,-1,-1,-1,-1,-1
256121671628,2025-05-13 05:25:36,6,2.0,1.0,1,1,2,10.0,9.7,10.0,8,0,0,0,1,0,0,1,0,-1.0,-1.0,-1,-1,-1,-1,-1,-1,-1,-1,-1,-1,-1,-1.0,-1.0,-1,-1,-1,-1,-1,-1,-1,-1,-1,-1,-1,Artiom888,0,1,0.24107142857142858,1,0.05357142857142857,-4.0,0.0,0.0,0,0,0,1,-1,-1,-1,-1,-1,-1,-1,-1,-1,-1,-1,-1,-1,-1,-1,-1.0,-1.0,-1,-1,-1,-1,-1,-1,-1,-1,-1,-1,-1,-1,-1,-1,-1.0,-1.0,-1,-1,-1,-1,-1,-1,-1,-1,-1,-1,-1,-1
256121671628,2025-05-13 05:25:36,6,2.0,1.0,1,1,2,10.0,9.7,10.0,8,0,0,0,1,0,0,1,0,-1.0,-1.0,-1,-1,-1,-1,-1,-1,-1,-1,-1,-1,-1,-1.0,-1.0,-1,-1,-1,-1,-1,-1,-1,-1,-1,-1,-1,JohnTravoIta,0,0,0.16363636363636364,0,0.01818181818181818,6.0,0.475,0.0,1,0,0,0,-1,-1,-1,-1,-1,-1,-1,-1,-1,-1,-1,-1,-1,-1,-1,-1.0,-1.0,-1,-1,-1,-1,-1,-1,-1,-1,-1,-1,-1,-1,-1,-1,-1.0,-1.0,-1,-1,-1,-1,-1,-1,-1,-1,-1,-1,-1,-1
256121676263,2025-05-13 05:26:36,7,2.0,1.0,0,0,1,1.0,-1.0,-1.0,-1,-1,-1,-1,-1,-1,-1,-1,-1,-1.0,-1.0,-1,-1,-1,-1,-1,-1,-1,-1,-1,-1,-1,-1.0,-1.0,-1,-1,-1,-1,-1,-1,-1,-1,-1,-1,-1,RoadPumpkin,0,0,0.20833333333333334,1,0.0,0.5,-1.0,-1.0,-1,-1,-1,-1,-1,-1,-1,-1,-1,-1,-1,-1,-1,-1,-1,-1,-1,-1,-1,-1.0,-1.0,-1,-1,-1,-1,-1,-1,-1,-1,-1,-1,-1,-1,-1,-1,-1.0,-1.0,-1,-1,-1,-1,-1,-1,-1,-1,-1,-1,-1,-1
256121677269,2025-05-13 05:26:49,8,2.0,1.0,0,1,1,2.5,-1.0,-1.0,-1,-1,-1,-1,-1,-1,-1,-1,-1,-1.0,-1.0,-1,-1,-1,-1,-1,-1,-1,-1,-1,-1,-1,-1.0,-1.0,-1,-1,-1,-1,-1,-1,-1,-1,-1,-1,-1,AAnimeLLove,0,1,0.16666666666666666,1,0.0,1.5,-1.0,-1.0,-1,-1,-1,-1,-1,-1,-1,-1,-1,-1,-1,-1,-1,-1,-1,-1,-1,-1,-1,-1.0,-1.0,-1,-1,-1,-1,-1,-1,-1,-1,-1,-1,-1,-1,-1,-1,-1.0,-1.0,-1,-1,-1,-1,-1,-1,-1,-1,-1,-1,-1,-1
256121678634,2025-05-13 05:27:07,8,2.0,1.0,0,2,1,6.5,-1.0,-1.0,-1,-1,-1,-1,-1,-1,-1,-1,-1,-1.0,-1.0,-1,-1,-1,-1,-1,-1,-1,-1,-1,-1,-1,-1.0,-1.0,-1,-1,-1,-1,-1,-1,-1,-1,-1,-1,-1,JohnTravoIta,0,1,0.1724137931034483,1,0.034482758620689655,4.0,-1.0,-1.0,-1,-1,-1,-1,-1,-1,-1,-1,-1,-1,-1,-1,-1,-1,-1,-1,-1,-1,-1,-1.0,-1.0,-1,-1,-1,-1,-1,-1,-1,-1,-1,-1,-1,-1,-1,-1,-1.0,-1.0,-1,-1,-1,-1,-1,-1,-1,-1,-1,-1,-1,-1
256121680548,2025-05-13 05:27:31,9,2.0,1.0,0,2,1,6.5,-1.0,-1.0,-1,-1,-1,-1,-1,-1,-1,-1,-1,-1.0,-1.0,-1,-1,-1,-1,-1,-1,-1,-1,-1,-1,-1,-1.0,-1.0,-1,-1,-1,-1,-1,-1,-1,-1,-1,-1,-1,JohnTravoIta,0,1,0.1864406779661017,1,0.05084745762711865,4.0,-1.0,-1.0,-1,-1,-1,-1,-1,-1,-1,-1,-1,-1,-1,-1,-1,-1,-1,-1,-1,-1,-1,-1.0,-1.0,-1,-1,-1,-1,-1,-1,-1,-1,-1,-1,-1,-1,-1,-1,-1.0,-1.0,-1,-1,-1,-1,-1,-1,-1,-1,-1,-1,-1,-1
256121683014,2025-05-13 05:28:02,9,2.0,1.0,1,0,2,2.5,30.266000000000002,2.5,13,0,0,0,0,1,0,0,0,30.266000000000002,2.5,13,0,0,0,0,0,1,0,1,0,1,30.266000000000002,2.5,13,0,0,0,0,0,1,0,1,0,0,Artiom888,1,0,0.22131147540983606,0,0.04918032786885246,1.5,0.0,0.0,0,0,0,0,14,6,0,0,0,0,1,0,0,0,0,0,1,0,0,0.0,0.0,0,0,0,0,0,0,0,0,0,0,1,0,0,0,0.0,0.0,0,0,0,0,0,0,0,0,1,0,0,0
256121683014,2025-05-13 05:28:02,9,2.0,1.0,1,0,2,2.5,30.266000000000002,2.5,13,0,0,0,0,1,0,0,0,30.266000000000002,2.5,13,0,0,0,0,0,1,0,1,0,1,30.266000000000002,2.5,13,0,0,0,0,0,1,0,1,0,0,salih2363,0,0,0.2857142857142857,1,0.0,-1.0,0.0,0.0,0,0,0,0,-1,-1,-1,-1,-1,-1,-1,-1,-1,-1,-1,-1,-1,-1,-1,0.0,0.0,0,0,0,0,-1,-1,-1,-1,-1,-1,-1,-1,-1,-1,0.0,0.0,0,0,0,0,-1,-1,-1,-1,-1,-1,-1,-1
256121685285,2025-05-13 05:28:32,9,2.0,1.0,0,2,1,6.5,-1.0,-1.0,-1,-1,-1,-1,-1,-1,-1,-1,-1,-1.0,-1.0,-1,-1,-1,-1,-1,-1,-1,-1,-1,-1,-1,-1.0,-1.0,-1,-1,-1,-1,-1,-1,-1,-1,-1,-1,-1,RoadPumpkin,0,1,0.20754716981132076,1,0.018867924528301886,4.0,-1.0,-1.0,-1,-1,-1,-1,-1,-1,-1,-1,-1,-1,-1,-1,-1,-1,-1,-1,-1,-1,-1,-1.0,-1.0,-1,-1,-1,-1,-1,-1,-1,-1,-1,-1,-1,-1,-1,-1,-1.0,-1.0,-1,-1,-1,-1,-1,-1,-1,-1,-1,-1,-1,-1
256121688387,2025-05-13 05:29:12,9,2.0,1.0,1,0,2,2.5,29.866000000000003,5.5,14,0,1,14,0,1,0,1,0,13.302727272727275,10.5,14,0,0,1,14,0,1,0,1,0,0,6.73,14.5,14,0,0,1,14,0,1,0,1,0,0,oledgyk,0,0,0.29411764705882354,0,0.11764705882352941,-7.0,0.6,0.0,1,0,0,0,-1,-1,-1,-1,-1,-1,-1,-1,-1,-1,-1,-1,-1,-1,-1,0.45454545454545453,0.0,1,0,0,0,-1,-1,-1,-1,-1,-1,-1,-1,-1,-1,0.0,0.0,0,0,1,0,-1,-1,-1,-1,-1,-1,-1,-1
256121688387,2025-05-13 05:29:12,9,2.0,1.0,1,0,2,2.5,29.866000000000003,5.5,14,0,1,14,0,1,0,1,0,13.302727272727275,10.5,14,0,0,1,14,0,1,0,1,0,0,6.73,14.5,14,0,0,1,14,0,1,0,1,0,0,salih2363,1,0,0.3333333333333333,1,0.0,7.5,0.0,0.0,0,0,1,0,14,11,0,0,8,0,1,1,0,0,0,0,0,1,0,0.0,0.0,0,0,1,0,8,1,0,0,0,0,0,1,0,0,0.19047619047619047,0.0,1,0,0,0,1,0,0,0,0,1,0,0
256121691777,2025-05-13 05:29:55,9,2.0,1.0,0,1,1,2.5,-1.0,-1.0,-1,-1,-1,-1,-1,-1,-1,-1,-1,-1.0,-1.0,-1,-1,-1,-1,-1,-1,-1,-1,-1,-1,-1,-1.0,-1.0,-1,-1,-1,-1,-1,-1,-1,-1,-1,-1,-1,alexnem98,0,1,0.21875,1,0.0625,1.5,-1.0,-1.0,-1,-1,-1,-1,-1,-1,-1,-1,-1,-1,-1,-1,-1,-1,-1,-1,-1,-1,-1,-1.0,-1.0,-1,-1,-1,-1,-1,-1,-1,-1,-1,-1,-1,-1,-1,-1,-1.0,-1.0,-1,-1,-1,-1,-1,-1,-1,-1,-1,-1,-1,-1
256121693625,2025-05-13 05:30:18,9,2.0,1.0,1,1,1,3.5,-1.0,-1.0,-1,-1,-1,-1,-1,-1,-1,-1,-1,-1.0,-1.0,-1,-1,-1,-1,-1,-1,-1,-1,-1,-1,-1,-1.0,-1.0,-1,-1,-1,-1,-1,-1,-1,-1,-1,-1,-1,Artiom888,0,1,0.22137404580152673,1,0.04580152671755725,2.5,-1.0,-1.0,-1,-1,-1,-1,-1,-1,-1,-1,-1,-1,-1,-1,-1,-1,-1,-1,-1,-1,-1,-1.0,-1.0,-1,-1,-1,-1,-1,-1,-1,-1,-1,-1,-1,-1,-1,-1,-1.0,-1.0,-1,-1,-1,-1,-1,-1,-1,-1,-1,-1,-1,-1
256121695673,2025-05-13 05:30:44,9,2.0,1.0,0,1,2,5.5,18.454545454545453,13.34,11,0,1,11,0,1,0,0,0,7.314842578710644,13.34,11,0,0,1,11,0,1,0,0,0,0,7.314842578710644,20.439999999999998,11,0,0,1,11,0,1,0,1,0,1,JohnTravoIta,0,1,0.18461538461538463,1,0.046153846153846156,-9.969999999999999,0.7127272727272728,0.0,1,0,0,0,-1,-1,-1,-1,-1,-1,-1,-1,-1,-1,-1,-1,-1,-1,-1,0.0,0.0,0,0,0,0,-1,-1,-1,-1,-1,-1,-1,-1,-1,-1,0.0,0.0,0,0,1,0,-1,-1,-1,-1,-1,-1,-1,-1
256121695673,2025-05-13 05:30:44,9,2.0,1.0,0,1,2,5.5,18.454545454545453,13.34,11,0,1,11,0,1,0,0,0,7.314842578710644,13.34,11,0,0,1,11,0,1,0,0,0,0,7.314842578710644,20.439999999999998,11,0,0,1,11,0,1,0,1,0,1,RoadPumpkin,1,0,0.21052631578947367,0,0.017543859649122806,10.469999999999999,0.0,0.0,0,0,1,0,11,9,0,0,0,1,1,0,0,0,0,0,0,1,0,0.0,0.0,0,0,0,0,0,0,0,0,0,0,0,1,0,0,0.2661169415292354,0.0,1,0,0,0,1,0,0,0,0,1,0,0
256121702038,2025-05-13 05:32:05,9,2.0,1.0,0,1,1,2.5,-1.0,-1.0,-1,-1,-1,-1,-1,-1,-1,-1,-1,-1.0,-1.0,-1,-1,-1,-1,-1,-1,-1,-1,-1,-1,-1,-1.0,-1.0,-1,-1,-1,-1,-1,-1,-1,-1,-1,-1,-1,JohnTravoIta,0,1,0.19696969696969696,1,0.045454545454545456,1.5,-1.0,-1.0,-1,-1,-1,-1,-1,-1,-1,-1,-1,-1,-1,-1,-1,-1,-1,-1,-1,-1,-1,-1.0,-1.0,-1,-1,-1,-1,-1,-1,-1,-1,-1,-1,-1,-1,-1,-1,-1.0,-1.0,-1,-1,-1,-1,-1,-1,-1,-1,-1,-1,-1,-1
256121703567,2025-05-13 05:32:25,9,2.0,1.0,0,1,1,2.5,-1.0,-1.0,-1,-1,-1,-1,-1,-1,-1,-1,-1,-1.0,-1.0,-1,-1,-1,-1,-1,-1,-1,-1,-1,-1,-1,-1.0,-1.0,-1,-1,-1,-1,-1,-1,-1,-1,-1,-1,-1,alexnem98,0,1,0.2222222222222222,1,0.05555555555555555,1.5,-1.0,-1.0,-1,-1,-1,-1,-1,-1,-1,-1,-1,-1,-1,-1,-1,-1,-1,-1,-1,-1,-1,-1.0,-1.0,-1,-1,-1,-1,-1,-1,-1,-1,-1,-1,-1,-1,-1,-1,-1.0,-1.0,-1,-1,-1,-1,-1,-1,-1,-1,-1,-1,-1,-1
256121705436,2025-05-13 05:32:49,9,2.0,1.0,0,1,3,7.5,10.368,7.5,13,0,0,0,1,0,0,0,0,10.368,21.75,13,0,0,0,0,0,1,0,1,0,1,3.247586206896552,97.75,13,1,0,0,0,0,1,0,1,0,1,AAnimeLLove,0,1,0.19047619047619047,1,0.023809523809523808,-47.625,0.0,0.0,0,0,0,0,-1,-1,-1,-1,-1,-1,-1,-1,-1,-1,-1,-1,-1,-1,-1,0.0,0.0,0,0,1,0,-1,-1,-1,-1,-1,-1,-1,-1,-1,-1,0.0,0.0,0,0,1,0,-1,-1,-1,-1,-1,-1,-1,-1
256121705436,2025-05-13 05:32:49,9,2.0,1.0,0,1,3,7.5,10.368,7.5,13,0,0,0,1,0,0,0,0,10.368,21.75,13,0,0,0,0,0,1,0,1,0,1,3.247586206896552,97.75,13,1,0,0,0,0,1,0,1,0,1,Tocmihail,0,0,0.14,0,0.04,-2.5,0.0,0.0,0,0,0,0,-1,-1,-1,-1,-1,-1,-1,-1,-1,-1,-1,-1,-1,-1,-1,0.0,0.0,0,0,0,1,-1,-1,-1,-1,-1,-1,-1,-1,-1,-1,0.0,0.0,0,0,0,0,-1,-1,-1,-1,-1,-1,-1,-1
256121705436,2025-05-13 05:32:49,9,2.0,1.0,0,1,3,7.5,10.368,7.5,13,0,0,0,1,0,0,0,0,10.368,21.75,13,0,0,0,0,0,1,0,1,0,1,3.247586206896552,97.75,13,1,0,0,0,0,1,0,1,0,1,salih2363,1,0,0.3333333333333333,0,0.0,50.125,0.0,0.0,0,0,0,0,13,8,0,0,0,0,1,0,0,0,0,0,0,1,0,0.95,0.0,1,0,0,0,0,1,0,0,0,0,0,1,0,0,1.7471264367816093,0.0,1,0,0,0,1,0,0,0,0,0,1,1
256121710427,2025-05-13 05:33:53,9,2.0,1.0,0,1,3,8.0,11.8125,8.0,12,0,1,12,1,0,0,1,0,-1.0,-1.0,-1,-1,-1,-1,-1,-1,-1,-1,-1,-1,-1,-1.0,-1.0,-1,-1,-1,-1,-1,-1,-1,-1,-1,-1,-1,Artiom888,0,0,0.2222222222222222,0,0.041666666666666664,-2.5,0.0,0.0,0,0,0,1,-1,-1,-1,-1,-1,-1,-1,-1,-1,-1,-1,-1,-1,-1,-1,-1.0,-1.0,-1,-1,-1,-1,-1,-1,-1,-1,-1,-1,-1,-1,-1,-1,-1.0,-1.0,-1,-1,-1,-1,-1,-1,-1,-1,-1,-1,-1,-1
256121710427,2025-05-13 05:33:53,9,2.0,1.0,0,1,3,8.0,11.8125,8.0,12,0,1,12,1,0,0,1,0,-1.0,-1.0,-1,-1,-1,-1,-1,-1,-1,-1,-1,-1,-1,-1.0,-1.0,-1,-1,-1,-1,-1,-1,-1,-1,-1,-1,-1,artemxxl,0,0,0.23880597014925373,1,0.04477611940298507,-2.5,0.0,0.0,0,0,0,1,-1,-1,-1,-1,-1,-1,-1,-1,-1,-1,-1,-1,-1,-1,-1,-1.0,-1.0,-1,-1,-1,-1,-1,-1,-1,-1,-1,-1,-1,-1,-1,-1,-1.0,-1.0,-1,-1,-1,-1,-1,-1,-1,-1,-1,-1,-1,-1
256121710427,2025-05-13 05:33:53,9,2.0,1.0,0,1,3,8.0,11.8125,8.0,12,0,1,12,1,0,0,1,0,-1.0,-1.0,-1,-1,-1,-1,-1,-1,-1,-1,-1,-1,-1,-1.0,-1.0,-1,-1,-1,-1,-1,-1,-1,-1,-1,-1,-1,oledgyk,0,1,0.25,0,0.0625,5.5,0.633125,0.0,1,0,0,0,-1,-1,-1,-1,-1,-1,-1,-1,-1,-1,-1,-1,-1,-1,-1,-1.0,-1.0,-1,-1,-1,-1,-1,-1,-1,-1,-1,-1,-1,-1,-1,-1,-1.0,-1.0,-1,-1,-1,-1,-1,-1,-1,-1,-1,-1,-1,-1
256121713367,2025-05-13 05:34:31,9,2.0,1.0,1,1,3,6.5,15.076923076923077,6.5,10,0,0,0,1,0,0,0,0,-1.0,-1.0,-1,-1,-1,-1,-1,-1,-1,-1,-1,-1,-1,-1.0,-1.0,-1,-1,-1,-1,-1,-1,-1,-1,-1,-1,-1,AAnimeLLove,0,0,0.20224719101123595,0,0.02247191011235955,-2.0,0.0,0.0,0,0,0,1,-1,-1,-1,-1,-1,-1,-1,-1,-1,-1,-1,-1,-1,-1,-1,-1.0,-1.0,-1,-1,-1,-1,-1,-1,-1,-1,-1,-1,-1,-1,-1,-1,-1.0,-1.0,-1,-1,-1,-1,-1,-1,-1,-1,-1,-1,-1,-1
256121713367,2025-05-13 05:34:31,9,2.0,1.0,1,1,3,6.5,15.076923076923077,6.5,10,0,0,0,1,0,0,0,0,-1.0,-1.0,-1,-1,-1,-1,-1,-1,-1,-1,-1,-1,-1,-1.0,-1.0,-1,-1,-1,-1,-1,-1,-1,-1,-1,-1,-1,RoadPumpkin,0,1,0.20967741935483872,0,0.016129032258064516,4.5,0.26615384615384613,0.0,1,0,0,0,-1,-1,-1,-1,-1,-1,-1,-1,-1,-1,-1,-1,-1,-1,-1,-1.0,-1.0,-1,-1,-1,-1,-1,-1,-1,-1,-1,-1,-1,-1,-1,-1,-1.0,-1.0,-1,-1,-1,-1,-1,-1,-1,-1,-1,-1,-1,-1
256121713367,2025-05-13 05:34:31,9,2.0,1.0,1,1,3,6.5,15.076923076923077,6.5,10,0,0,0,1,0,0,0,0,-1.0,-1.0,-1,-1,-1,-1,-1,-1,-1,-1,-1,-1,-1,-1.0,-1.0,-1,-1,-1,-1,-1,-1,-1,-1,-1,-1,-1,salih2363,0,0,0.35294117647058826,1,0.0,-2.0,0.0,0.0,0,0,0,1,-1,-1,-1,-1,-1,-1,-1,-1,-1,-1,-1,-1,-1,-1,-1,-1.0,-1.0,-1,-1,-1,-1,-1,-1,-1,-1,-1,-1,-1,-1,-1,-1,-1.0,-1.0,-1,-1,-1,-1,-1,-1,-1,-1,-1,-1,-1,-1
256121716203,2025-05-13 05:35:06,9,2.0,1.0,0,1,2,5.0,19.5,7.57,10,0,0,0,1,0,0,0,0,12.71003963011889,18.36,10,0,0,1,8,0,1,0,1,0,1,4.946623093681917,18.36,13,0,0,1,8,0,1,0,1,0,1,AAnimeLLove,0,1,0.21978021978021978,0,0.02197802197802198,9.18,0.257,0.0,1,0,0,0,-1,-1,-1,-1,-1,-1,-1,-1,-1,-1,-1,-1,-1,-1,-1,0.712681638044914,0.0,1,0,0,0,-1,-1,-1,-1,-1,-1,-1,-1,-1,-1,1.4248366013071896,0.0,1,0,0,0,-1,-1,-1,-1,-1,-1,-1,-1
256121716203,2025-05-13 05:35:06,9,2.0,1.0,0,1,2,5.0,19.5,7.57,10,0,0,0,1,0,0,0,0,12.71003963011889,18.36,10,0,0,1,8,0,1,0,1,0,1,4.946623093681917,18.36,13,0,0,1,8,0,1,0,1,0,1,oledgyk,0,0,0.2647058823529412,1,0.058823529411764705,-9.18,0.0,0.0,0,0,1,0,-1,-1,-1,-1,-1,-1,-1,-1,-1,-1,-1,-1,-1,-1,-1,0.0,0.0,0,0,1,0,-1,-1,-1,-1,-1,-1,-1,-1,-1,-1,0.0,0.0,0,0,0,1,-1,-1,-1,-1,-1,-1,-1,-1
256121723560,2025-05-13 05:36:39,9,2.0,1.0,1,1,1,3.0,-1.0,-1.0,-1,-1,-1,-1,-1,-1,-1,-1,-1,-1.0,-1.0,-1,-1,-1,-1,-1,-1,-1,-1,-1,-1,-1,-1.0,-1.0,-1,-1,-1,-1,-1,-1,-1,-1,-1,-1,-1,JohnTravoIta,0,1,0.19444444444444445,1,0.041666666666666664,2.0,-1.0,-1.0,-1,-1,-1,-1,-1,-1,-1,-1,-1,-1,-1,-1,-1,-1,-1,-1,-1,-1,-1,-1.0,-1.0,-1,-1,-1,-1,-1,-1,-1,-1,-1,-1,-1,-1,-1,-1,-1.0,-1.0,-1,-1,-1,-1,-1,-1,-1,-1,-1,-1,-1,-1
256121726161,2025-05-13 05:37:13,7,2.0,1.0,0,2,1,6.0,-1.0,-1.0,-1,-1,-1,-1,-1,-1,-1,-1,-1,-1.0,-1.0,-1,-1,-1,-1,-1,-1,-1,-1,-1,-1,-1,-1.0,-1.0,-1,-1,-1,-1,-1,-1,-1,-1,-1,-1,-1,JohnTravoIta,0,1,0.2054794520547945,1,0.0547945205479452,3.5,-1.0,-1.0,-1,-1,-1,-1,-1,-1,-1,-1,-1,-1,-1,-1,-1,-1,-1,-1,-1,-1,-1,-1.0,-1.0,-1,-1,-1,-1,-1,-1,-1,-1,-1,-1,-1,-1,-1,-1,-1.0,-1.0,-1,-1,-1,-1,-1,-1,-1,-1,-1,-1,-1,-1
256121728069,2025-05-13 05:37:37,7,2.0,1.0,0,1,2,5.5,19.22909090909091,8.32,10,0,0,0,1,0,0,0,0,12.542067307692308,8.32,10,0,0,1,7,1,0,0,1,0,1,12.542067307692308,8.32,10,1,0,1,7,0,1,0,1,0,1,AAnimeLLove,0,1,0.22772277227722773,1,0.019801980198019802,-3.91,0.25636363636363635,0.0,1,0,0,0,-1,-1,-1,-1,-1,-1,-1,-1,-1,-1,-1,-1,-1,-1,-1,0.0,0.0,0,0,0,0,-1,-1,-1,-1,-1,-1,-1,-1,-1,-1,0.0,0.0,0,0,0,1,-1,-1,-1,-1,-1,-1,-1,-1
256121728069,2025-05-13 05:37:37,7,2.0,1.0,0,1,2,5.5,19.22909090909091,8.32,10,0,0,0,1,0,0,0,0,12.542067307692308,8.32,10,0,0,1,7,1,0,0,1,0,1,12.542067307692308,8.32,10,1,0,1,7,0,1,0,1,0,1,salih2363,0,0,0.38095238095238093,0,0.0,4.41,0.0,0.0,0,0,1,0,-1,-1,-1,-1,-1,-1,-1,-1,-1,-1,-1,-1,-1,-1,-1,0.0,0.0,0,0,0,0,-1,-1,-1,-1,-1,-1,-1,-1,-1,-1,0.4753605769230769,0.0,1,0,0,0,-1,-1,-1,-1,-1,-1,-1,-1
256121732008,2025-05-13 05:38:28,7,2.0,1.0,0,1,3,7.300000000000001,13.410958904109588,11.88,10,0,0,0,1,0,0,0,0,8.047979797979798,11.88,10,0,0,1,7,0,1,0,1,0,1,-1.0,-1.0,-1,-1,-1,-1,-1,-1,-1,-1,-1,-1,-1,Artiom888,0,1,0.2037037037037037,0,0.037037037037037035,-2.1,0.0,0.0,0,0,0,1,-1,-1,-1,-1,-1,-1,-1,-1,-1,-1,-1,-1,-1,-1,-1,0.0,0.0,0,0,0,0,-1,-1,-1,-1,-1,-1,-1,-1,-1,-1,-1.0,-1.0,-1,-1,-1,-1,-1,-1,-1,-1,-1,-1,-1,-1
256121732008,2025-05-13 05:38:28,7,2.0,1.0,0,1,3,7.300000000000001,13.410958904109588,11.88,10,0,0,0,1,0,0,0,0,8.047979797979798,11.88,10,0,0,1,7,0,1,0,1,0,1,-1.0,-1.0,-1,-1,-1,-1,-1,-1,-1,-1,-1,-1,-1,oledgyk,0,0,0.3157894736842105,1,0.05263157894736842,7.49,0.3136986301369863,0.0,1,0,0,0,-1,-1,-1,-1,-1,-1,-1,-1,-1,-1,-1,-1,-1,-1,-1,0.4646464646464646,0.0,1,0,0,0,-1,-1,-1,-1,-1,-1,-1,-1,-1,-1,-1.0,-1.0,-1,-1,-1,-1,-1,-1,-1,-1,-1,-1,-1,-1
256121732008,2025-05-13 05:38:28,7,2.0,1.0,0,1,3,7.300000000000001,13.410958904109588,11.88,10,0,0,0,1,0,0,0,0,8.047979797979798,11.88,10,0,0,1,7,0,1,0,1,0,1,-1.0,-1.0,-1,-1,-1,-1,-1,-1,-1,-1,-1,-1,-1,salih2363,0,0,0.4090909090909091,0,0.0,-4.390000000000001,0.0,0.0,0,0,1,0,-1,-1,-1,-1,-1,-1,-1,-1,-1,-1,-1,-1,-1,-1,-1,0.0,0.0,0,0,0,1,-1,-1,-1,-1,-1,-1,-1,-1,-1,-1,-1.0,-1.0,-1,-1,-1,-1,-1,-1,-1,-1,-1,-1,-1,-1
256121736250,2025-05-13 05:39:23,7,2.0,1.0,0,1,1,2.5,-1.0,-1.0,-1,-1,-1,-1,-1,-1,-1,-1,-1,-1.0,-1.0,-1,-1,-1,-1,-1,-1,-1,-1,-1,-1,-1,-1.0,-1.0,-1,-1,-1,-1,-1,-1,-1,-1,-1,-1,-1,oledgyk,0,1,0.3333333333333333,1,0.05128205128205128,1.5,-1.0,-1.0,-1,-1,-1,-1,-1,-1,-1,-1,-1,-1,-1,-1,-1,-1,-1,-1,-1,-1,-1,-1.0,-1.0,-1,-1,-1,-1,-1,-1,-1,-1,-1,-1,-1,-1,-1,-1,-1.0,-1.0,-1,-1,-1,-1,-1,-1,-1,-1,-1,-1,-1,-1
256121737273,2025-05-13 05:39:37,7,2.0,1.0,1,1,1,2.5,-1.0,-1.0,-1,-1,-1,-1,-1,-1,-1,-1,-1,-1.0,-1.0,-1,-1,-1,-1,-1,-1,-1,-1,-1,-1,-1,-1.0,-1.0,-1,-1,-1,-1,-1,-1,-1,-1,-1,-1,-1,AAnimeLLove,0,1,0.22935779816513763,1,0.01834862385321101,1.5,-1.0,-1.0,-1,-1,-1,-1,-1,-1,-1,-1,-1,-1,-1,-1,-1,-1,-1,-1,-1,-1,-1,-1.0,-1.0,-1,-1,-1,-1,-1,-1,-1,-1,-1,-1,-1,-1,-1,-1,-1.0,-1.0,-1,-1,-1,-1,-1,-1,-1,-1,-1,-1,-1,-1
256121738745,2025-05-13 05:39:56,7,2.0,1.0,0,1,2,5.0,20.669999999999998,5.0,14,0,0,0,0,1,0,0,0,20.669999999999998,10.0,14,0,0,0,0,0,1,0,0,0,0,10.084999999999999,19.46,14,0,0,0,0,0,0,1,1,1,1,AAnimeLLove,1,1,0.23636363636363636,0,0.01818181818181818,9.73,0.0,0.0,0,0,0,0,14,4,0,0,0,0,0,0,0,0,0,0,0,1,0,0.0,0.0,0,0,1,0,0,0,0,0,0,0,0,1,0,0,0.0,0.0,0,0,1,0,0,0,0,0,0,1,0,0
256121738745,2025-05-13 05:39:56,7,2.0,1.0,0,1,2,5.0,20.669999999999998,5.0,14,0,0,0,0,1,0,0,0,20.669999999999998,10.0,14,0,0,0,0,0,1,0,0,0,0,10.084999999999999,19.46,14,0,0,0,0,0,0,1,1,1,1,oledgyk,1,0,0.34146341463414637,1,0.04878048780487805,-9.73,0.0,0.0,0,0,0,0,7,4,0,0,0,0,1,0,0,1,0,0,0,0,0,0.5,0.0,1,0,0,0,9,0,0,0,0,1,0,0,0,1,0.47300000000000003,0.0,1,0,0,0,1,0,0,1,0,0,0,0
256121745635,2025-05-13 05:41:25,7,2.0,1.0,1,1,1,3.5,-1.0,-1.0,-1,-1,-1,-1,-1,-1,-1,-1,-1,-1.0,-1.0,-1,-1,-1,-1,-1,-1,-1,-1,-1,-1,-1,-1.0,-1.0,-1,-1,-1,-1,-1,-1,-1,-1,-1,-1,-1,Tocmihail,0,1,0.13114754098360656,1,0.03278688524590164,2.5,-1.0,-1.0,-1,-1,-1,-1,-1,-1,-1,-1,-1,-1,-1,-1,-1,-1,-1,-1,-1,-1,-1,-1.0,-1.0,-1,-1,-1,-1,-1,-1,-1,-1,-1,-1,-1,-1,-1,-1,-1.0,-1.0,-1,-1,-1,-1,-1,-1,-1,-1,-1,-1,-1,-1
256121746986,2025-05-13 05:41:43,8,2.0,1.0,1,1,3,13.5,8.192962962962964,13.5,5,0,1,3,0,1,0,1,0,8.192962962962964,26.33,5,1,0,1,3,0,1,0,1,0,1,3.957083175085454,51.349999999999994,13,1,0,1,3,0,1,0,1,0,1,AAnimeLLove,1,0,0.23684210526315788,1,0.017543859649122806,28.424999999999997,0.0,0.0,0,0,0,0,13,12,0,1,9,0,1,0,0,0,0,1,0,0,0,0.0,0.0,0,0,1,0,9,0,0,0,0,1,0,0,0,0,0.0,0.0,0,0,1,0,1,0,0,0,1,0,0,1
256121746986,2025-05-13 05:41:43,8,2.0,1.0,1,1,3,13.5,8.192962962962964,13.5,5,0,1,3,0,1,0,1,0,8.192962962962964,26.33,5,1,0,1,3,0,1,0,1,0,1,3.957083175085454,51.349999999999994,13,1,0,1,3,0,1,0,1,0,1,Tocmihail,0,1,0.14516129032258066,0,0.03225806451612903,-4.0,0.0,0.0,0,0,0,0,-1,-1,-1,-1,-1,-1,-1,-1,-1,-1,-1,-1,-1,-1,-1,0.0,0.0,0,0,0,1,-1,-1,-1,-1,-1,-1,-1,-1,-1,-1,0.0,0.0,0,0,0,0,-1,-1,-1,-1,-1,-1,-1,-1
256121746986,2025-05-13 05:41:43,8,2.0,1.0,1,1,3,13.5,8.192962962962964,13.5,5,0,1,3,0,1,0,1,0,8.192962962962964,26.33,5,1,0,1,3,0,1,0,1,0,1,3.957083175085454,51.349999999999994,13,1,0,1,3,0,1,0,1,0,1,salih2363,1,0,0.4444444444444444,0,0.0,-22.924999999999997,0.0,0.0,0,0,0,0,7,7,1,0,0,0,1,0,0,0,0,0,0,1,0,0.4751851851851852,0.0,1,0,0,0,0,0,0,0,0,0,0,1,0,0,0.47512343334599316,0.0,1,0,0,0,0,0,0,0,1,0,0,0
256121753975,2025-05-13 05:43:14,8,2.0,1.0,1,1,2,9.5,10.130526315789472,9.5,8,0,1,4,0,1,0,0,0,10.130526315789472,9.5,14,0,0,1,4,0,1,0,1,0,1,10.130526315789472,9.5,14,0,0,1,4,0,1,0,1,0,0,Tocmihail,0,1,0.15873015873015872,1,0.031746031746031744,-4.0,0.0,0.0,0,0,0,0,-1,-1,-1,-1,-1,-1,-1,-1,-1,-1,-1,-1,-1,-1,-1,0.0,0.0,0,0,0,0,-1,-1,-1,-1,-1,-1,-1,-1,-1,-1,0.0,0.0,0,0,0,1,-1,-1,-1,-1,-1,-1,-1,-1
256121753975,2025-05-13 05:43:14,8,2.0,1.0,1,1,2,9.5,10.130526315789472,9.5,8,0,1,4,0,1,0,0,0,10.130526315789472,9.5,14,0,0,1,4,0,1,0,1,0,1,10.130526315789472,9.5,14,0,0,1,4,0,1,0,1,0,0,salih2363,0,0,0.4642857142857143,0,0.0,5.5,0.0,0.0,0,0,0,0,-1,-1,-1,-1,-1,-1,-1,-1,-1,-1,-1,-1,-1,-1,-1,0.0,0.0,0,0,0,0,-1,-1,-1,-1,-1,-1,-1,-1,-1,-1,0.47526315789473683,0.0,1,0,0,0,-1,-1,-1,-1,-1,-1,-1,-1
256121756904,2025-05-13 05:43:52,8,2.0,1.0,0,2,1,5.9,-1.0,-1.0,-1,-1,-1,-1,-1,-1,-1,-1,-1,-1.0,-1.0,-1,-1,-1,-1,-1,-1,-1,-1,-1,-1,-1,-1.0,-1.0,-1,-1,-1,-1,-1,-1,-1,-1,-1,-1,-1,AAnimeLLove,0,1,0.25210084033613445,1,0.03361344537815126,3.7,-1.0,-1.0,-1,-1,-1,-1,-1,-1,-1,-1,-1,-1,-1,-1,-1,-1,-1,-1,-1,-1,-1,-1.0,-1.0,-1,-1,-1,-1,-1,-1,-1,-1,-1,-1,-1,-1,-1,-1,-1.0,-1.0,-1,-1,-1,-1,-1,-1,-1,-1,-1,-1,-1,-1
256121758360,2025-05-13 05:44:12,8,2.0,1.0,0,2,1,6.5,-1.0,-1.0,-1,-1,-1,-1,-1,-1,-1,-1,-1,-1.0,-1.0,-1,-1,-1,-1,-1,-1,-1,-1,-1,-1,-1,-1.0,-1.0,-1,-1,-1,-1,-1,-1,-1,-1,-1,-1,-1,Joker007r,0,1,0.14285714285714285,1,0.07936507936507936,4.0,-1.0,-1.0,-1,-1,-1,-1,-1,-1,-1,-1,-1,-1,-1,-1,-1,-1,-1,-1,-1,-1,-1,-1.0,-1.0,-1,-1,-1,-1,-1,-1,-1,-1,-1,-1,-1,-1,-1,-1,-1.0,-1.0,-1,-1,-1,-1,-1,-1,-1,-1,-1,-1,-1,-1
256121760780,2025-05-13 05:44:44,8,2.0,1.0,0,2,1,5.0,-1.0,-1.0,-1,-1,-1,-1,-1,-1,-1,-1,-1,-1.0,-1.0,-1,-1,-1,-1,-1,-1,-1,-1,-1,-1,-1,-1.0,-1.0,-1,-1,-1,-1,-1,-1,-1,-1,-1,-1,-1,Tocmihail,0,1,0.18181818181818182,1,0.045454545454545456,3.0,-1.0,-1.0,-1,-1,-1,-1,-1,-1,-1,-1,-1,-1,-1,-1,-1,-1,-1,-1,-1,-1,-1,-1.0,-1.0,-1,-1,-1,-1,-1,-1,-1,-1,-1,-1,-1,-1,-1,-1,-1.0,-1.0,-1,-1,-1,-1,-1,-1,-1,-1,-1,-1,-1,-1
256121763924,2025-05-13 05:45:25,8,2.0,1.0,1,1,2,9.5,10.488947368421051,9.5,7,0,1,4,0,1,0,1,0,10.488947368421051,9.5,7,1,0,1,4,0,1,0,1,0,1,10.488947368421051,9.5,12,1,0,1,4,0,1,0,1,0,1,Tocmihail,0,1,0.19402985074626866,1,0.04477611940298507,-4.0,0.0,0.0,0,0,0,0,-1,-1,-1,-1,-1,-1,-1,-1,-1,-1,-1,-1,-1,-1,-1,0.0,0.0,0,0,0,0,-1,-1,-1,-1,-1,-1,-1,-1,-1,-1,0.0,0.0,0,0,0,0,-1,-1,-1,-1,-1,-1,-1,-1
256121763924,2025-05-13 05:45:25,8,2.0,1.0,1,1,2,9.5,10.488947368421051,9.5,7,0,1,4,0,1,0,1,0,10.488947368421051,9.5,7,1,0,1,4,0,1,0,1,0,1,10.488947368421051,9.5,12,1,0,1,4,0,1,0,1,0,1,salih2363,1,0,0.4375,0,0.0,5.5,0.0,0.0,0,0,0,0,14,2,0,0,8,1,1,1,0,0,0,1,0,0,0,0.0,0.0,0,0,0,0,8,0,0,0,0,1,0,0,0,0,0.0,0.0,0,0,0,0,0,0,1,0,0,0,0,0
256121767136,2025-05-13 05:46:07,8,2.0,1.0,0,1,1,2.5,-1.0,-1.0,-1,-1,-1,-1,-1,-1,-1,-1,-1,-1.0,-1.0,-1,-1,-1,-1,-1,-1,-1,-1,-1,-1,-1,-1.0,-1.0,-1,-1,-1,-1,-1,-1,-1,-1,-1,-1,-1,Joker007r,0,1,0.15151515151515152,1,0.07575757575757576,1.5,-1.0,-1.0,-1,-1,-1,-1,-1,-1,-1,-1,-1,-1,-1,-1,-1,-1,-1,-1,-1,-1,-1,-1.0,-1.0,-1,-1,-1,-1,-1,-1,-1,-1,-1,-1,-1,-1,-1,-1,-1.0,-1.0,-1,-1,-1,-1,-1,-1,-1,-1,-1,-1,-1,-1
256121768333,2025-05-13 05:46:23,8,2.0,1.0,1,1,2,8.5,12.358823529411765,8.5,12,0,0,0,1,0,0,0,0,-1.0,-1.0,-1,-1,-1,-1,-1,-1,-1,-1,-1,-1,-1,-1.0,-1.0,-1,-1,-1,-1,-1,-1,-1,-1,-1,-1,-1,AAnimeLLove,0,1,0.24812030075187969,1,0.03007518796992481,5.0,0.2564705882352941,0.0,1,0,0,0,-1,-1,-1,-1,-1,-1,-1,-1,-1,-1,-1,-1,-1,-1,-1,-1.0,-1.0,-1,-1,-1,-1,-1,-1,-1,-1,-1,-1,-1,-1,-1,-1,-1.0,-1.0,-1,-1,-1,-1,-1,-1,-1,-1,-1,-1,-1,-1
256121768333,2025-05-13 05:46:23,8,2.0,1.0,1,1,2,8.5,12.358823529411765,8.5,12,0,0,0,1,0,0,0,0,-1.0,-1.0,-1,-1,-1,-1,-1,-1,-1,-1,-1,-1,-1,-1.0,-1.0,-1,-1,-1,-1,-1,-1,-1,-1,-1,-1,-1,salih2363,0,0,0.4411764705882353,0,0.0,-3.5,0.0,0.0,0,0,0,1,-1,-1,-1,-1,-1,-1,-1,-1,-1,-1,-1,-1,-1,-1,-1,-1.0,-1.0,-1,-1,-1,-1,-1,-1,-1,-1,-1,-1,-1,-1,-1,-1,-1.0,-1.0,-1,-1,-1,-1,-1,-1,-1,-1,-1,-1,-1,-1
256121771136,2025-05-13 05:46:59,8,2.0,1.0,0,1,2,6.5,14.923076923076923,6.5,14,0,0,0,1,0,0,0,0,14.923076923076923,6.5,14,0,0,1,8,1,0,0,1,0,1,14.923076923076923,6.5,14,0,0,1,9,0,1,0,1,0,0,Joker007r,1,1,0.16176470588235295,1,0.07352941176470588,3.5,0.0,0.0,0,0,0,0,13,11,0,0,0,0,1,0,0,0,0,0,1,0,0,0.0,0.0,0,0,0,0,0,1,0,0,0,0,1,0,0,0,0.0,0.0,0,0,0,0,1,0,0,0,1,0,0,0
256121771136,2025-05-13 05:46:59,8,2.0,1.0,0,1,2,6.5,14.923076923076923,6.5,14,0,0,0,1,0,0,0,0,14.923076923076923,6.5,14,0,0,1,8,1,0,0,1,0,1,14.923076923076923,6.5,14,0,0,1,9,0,1,0,1,0,0,WhatAFuuuuu,1,0,0.3020833333333333,0,0.03125,-3.0,0.0,0.0,0,0,0,0,12,11,0,1,0,0,1,0,0,0,0,0,1,0,0,0.0,0.0,0,0,0,0,0,1,0,0,0,0,1,0,0,0,0.0,0.0,0,0,0,0,1,0,0,0,1,0,0,0
256121774999,2025-05-13 05:47:51,8,2.0,1.0,0,0,1,1.0,-1.0,-1.0,-1,-1,-1,-1,-1,-1,-1,-1,-1,-1.0,-1.0,-1,-1,-1,-1,-1,-1,-1,-1,-1,-1,-1,-1.0,-1.0,-1,-1,-1,-1,-1,-1,-1,-1,-1,-1,-1,Joker007r,0,0,0.15942028985507245,1,0.07246376811594203,0.5,-1.0,-1.0,-1,-1,-1,-1,-1,-1,-1,-1,-1,-1,-1,-1,-1,-1,-1,-1,-1,-1,-1,-1.0,-1.0,-1,-1,-1,-1,-1,-1,-1,-1,-1,-1,-1,-1,-1,-1,-1.0,-1.0,-1,-1,-1,-1,-1,-1,-1,-1,-1,-1,-1,-1
256121776708,2025-05-13 05:48:14,8,2.0,1.0,0,1,1,2.5,-1.0,-1.0,-1,-1,-1,-1,-1,-1,-1,-1,-1,-1.0,-1.0,-1,-1,-1,-1,-1,-1,-1,-1,-1,-1,-1,-1.0,-1.0,-1,-1,-1,-1,-1,-1,-1,-1,-1,-1,-1,Tocmihail,0,1,0.19444444444444445,1,0.041666666666666664,1.5,-1.0,-1.0,-1,-1,-1,-1,-1,-1,-1,-1,-1,-1,-1,-1,-1,-1,-1,-1,-1,-1,-1,-1.0,-1.0,-1,-1,-1,-1,-1,-1,-1,-1,-1,-1,-1,-1,-1,-1,-1.0,-1.0,-1,-1,-1,-1,-1,-1,-1,-1,-1,-1,-1,-1
256121777521,2025-05-13 05:48:25,8,2.0,1.0,0,2,1,5.5,-1.0,-1.0,-1,-1,-1,-1,-1,-1,-1,-1,-1,-1.0,-1.0,-1,-1,-1,-1,-1,-1,-1,-1,-1,-1,-1,-1.0,-1.0,-1,-1,-1,-1,-1,-1,-1,-1,-1,-1,-1,Joker007r,0,1,0.16901408450704225,1,0.08450704225352113,3.5,-1.0,-1.0,-1,-1,-1,-1,-1,-1,-1,-1,-1,-1,-1,-1,-1,-1,-1,-1,-1,-1,-1,-1.0,-1.0,-1,-1,-1,-1,-1,-1,-1,-1,-1,-1,-1,-1,-1,-1,-1.0,-1.0,-1,-1,-1,-1,-1,-1,-1,-1,-1,-1,-1,-1
256121779670,2025-05-13 05:48:54,8,2.0,1.0,0,1,2,6.0,16.166666666666668,11.7,9,0,1,9,0,1,0,1,0,8.047008547008549,11.7,9,1,0,1,9,0,1,0,1,0,1,8.047008547008549,28.37,13,1,0,1,9,0,1,0,1,0,1,Artiom888,1,0,0.19402985074626866,1,0.029850746268656716,14.185,0.47500000000000003,0.0,1,0,0,0,13,7,0,0,8,0,1,1,0,0,0,1,0,0,0,0.0,0.0,0,0,0,0,8,1,0,0,0,1,0,0,0,0,0.0,0.0,0,0,1,0,1,0,0,0,1,0,0,1
256121779670,2025-05-13 05:48:54,8,2.0,1.0,0,1,2,6.0,16.166666666666668,11.7,9,0,1,9,0,1,0,1,0,8.047008547008549,11.7,9,1,0,1,9,0,1,0,1,0,1,8.047008547008549,28.37,13,1,0,1,9,0,1,0,1,0,1,Tocmihail,1,1,0.20270270270270271,0,0.04054054054054054,-14.185,0.0,0.0,0,0,1,0,12,11,0,1,4,0,1,0,0,0,0,1,0,0,0,0.0,0.0,0,0,0,0,4,0,0,0,0,1,0,0,0,0,0.7123931623931625,0.0,1,0,0,0,1,0,0,1,0,0,0,0
256121784378,2025-05-13 05:49:58,8,2.0,1.0,1,1,2,10.5,9.385714285714286,10.5,7,1,1,7,1,0,0,0,0,9.385714285714286,10.5,7,1,0,1,7,0,1,0,0,0,0,9.385714285714286,10.5,7,1,1,1,7,0,1,0,0,0,0,AAnimeLLove,1,1,0.25,0,0.033783783783783786,5.5,0.0,0.0,0,0,0,0,13,12,0,1,0,0,0,0,0,1,0,0,0,0,0,0.0,0.0,0,0,0,0,0,0,0,1,0,0,0,0,0,0,0.0,0.0,0,0,0,0,0,0,1,0,0,0,1,0
256121784378,2025-05-13 05:49:58,8,2.0,1.0,1,1,2,10.5,9.385714285714286,10.5,7,1,1,7,1,0,0,0,0,9.385714285714286,10.5,7,1,0,1,7,0,1,0,0,0,0,9.385714285714286,10.5,7,1,1,1,7,0,1,0,0,0,0,salih2363,0,0,0.4,1,0.0,-5.0,0.0,0.0,0,0,0,0,-1,-1,-1,-1,-1,-1,-1,-1,-1,-1,-1,-1,-1,-1,-1,0.0,0.0,0,0,0,0,-1,-1,-1,-1,-1,-1,-1,-1,-1,-1,0.0,0.0,0,0,0,0,-1,-1,-1,-1,-1,-1,-1,-1
256121788688,2025-05-13 05:50:57,8,2.0,1.0,0,1,1,2.5,-1.0,-1.0,-1,-1,-1,-1,-1,-1,-1,-1,-1,-1.0,-1.0,-1,-1,-1,-1,-1,-1,-1,-1,-1,-1,-1,-1.0,-1.0,-1,-1,-1,-1,-1,-1,-1,-1,-1,-1,-1,Joker007r,0,1,0.17567567567567569,1,0.08108108108108109,1.5,-1.0,-1.0,-1,-1,-1,-1,-1,-1,-1,-1,-1,-1,-1,-1,-1,-1,-1,-1,-1,-1,-1,-1.0,-1.0,-1,-1,-1,-1,-1,-1,-1,-1,-1,-1,-1,-1,-1,-1,-1.0,-1.0,-1,-1,-1,-1,-1,-1,-1,-1,-1,-1,-1,-1
256121790388,2025-05-13 05:51:20,8,2.0,1.0,0,1,3,10.5,9.1,10.5,10,0,1,10,0,1,0,1,0,9.1,42.019999999999996,10,0,0,1,10,0,0,1,1,1,1,2.2917658257972398,96.19999999999999,10,1,0,1,10,0,0,1,1,1,1,Joker007r,1,1,0.18666666666666668,0,0.08,50.349999999999994,0.0,0.0,0,0,0,0,14,3,0,0,9,0,1,1,0,0,0,1,0,0,0,1.500952380952381,0.0,1,0,0,0,15,1,0,0,0,0,0,0,1,1,0.6446930033317468,0.0,1,0,0,0,1,0,0,0,0,0,1,0
256121790388,2025-05-13 05:51:20,8,2.0,1.0,0,1,3,10.5,9.1,10.5,10,0,1,10,0,1,0,1,0,9.1,42.019999999999996,10,0,0,1,10,0,0,1,1,1,1,2.2917658257972398,96.19999999999999,10,1,0,1,10,0,0,1,1,1,1,Tocmihail,0,0,0.2077922077922078,1,0.03896103896103896,-45.849999999999994,0.0,0.0,0,0,0,0,-1,-1,-1,-1,-1,-1,-1,-1,-1,-1,-1,-1,-1,-1,-1,0.0,0.0,0,0,1,0,-1,-1,-1,-1,-1,-1,-1,-1,-1,-1,0.0,0.0,0,0,1,0,-1,-1,-1,-1,-1,-1,-1,-1
256121790388,2025-05-13 05:51:20,8,2.0,1.0,0,1,3,10.5,9.1,10.5,10,0,1,10,0,1,0,1,0,9.1,42.019999999999996,10,0,0,1,10,0,0,1,1,1,1,2.2917658257972398,96.19999999999999,10,1,0,1,10,0,0,1,1,1,1,salih2363,0,0,0.40476190476190477,0,0.0,-3.0,0.0,0.0,0,0,0,0,-1,-1,-1,-1,-1,-1,-1,-1,-1,-1,-1,-1,-1,-1,-1,0.0,0.0,0,0,0,1,-1,-1,-1,-1,-1,-1,-1,-1,-1,-1,0.0,0.0,0,0,0,0,-1,-1,-1,-1,-1,-1,-1,-1
256121793925,2025-05-13 05:52:09,8,2.0,1.0,0,2,2,23.0,4.045217391304348,38.28,13,0,0,0,0,1,0,0,0,2.2309299895506793,38.28,14,0,0,1,14,0,0,1,0,1,1,-1.0,-1.0,-1,-1,-1,-1,-1,-1,-1,-1,-1,-1,-1,JohnTravoIta,0,1,0.1875,0,0.052083333333333336,19.64,0.33217391304347826,0.0,1,0,0,0,-1,-1,-1,-1,-1,-1,-1,-1,-1,-1,-1,-1,-1,-1,-1,0.33725182863113895,0.0,1,0,0,0,-1,-1,-1,-1,-1,-1,-1,-1,-1,-1,-1.0,-1.0,-1,-1,-1,-1,-1,-1,-1,-1,-1,-1,-1,-1
256121793925,2025-05-13 05:52:09,8,2.0,1.0,0,2,2,23.0,4.045217391304348,38.28,13,0,0,0,0,1,0,0,0,2.2309299895506793,38.28,14,0,0,1,14,0,0,1,0,1,1,-1.0,-1.0,-1,-1,-1,-1,-1,-1,-1,-1,-1,-1,-1,Joker007r,0,0,0.19736842105263158,1,0.07894736842105263,-18.64,0.0,0.0,0,0,1,0,-1,-1,-1,-1,-1,-1,-1,-1,-1,-1,-1,-1,-1,-1,-1,0.0,0.0,0,0,0,1,-1,-1,-1,-1,-1,-1,-1,-1,-1,-1,-1.0,-1.0,-1,-1,-1,-1,-1,-1,-1,-1,-1,-1,-1,-1
256121798951,2025-05-13 05:53:18,6,2.0,1.0,0,1,1,2.0,-1.0,-1.0,-1,-1,-1,-1,-1,-1,-1,-1,-1,-1.0,-1.0,-1,-1,-1,-1,-1,-1,-1,-1,-1,-1,-1,-1.0,-1.0,-1,-1,-1,-1,-1,-1,-1,-1,-1,-1,-1,WhatAFuuuuu,0,1,0.30327868852459017,1,0.040983606557377046,1.0,-1.0,-1.0,-1,-1,-1,-1,-1,-1,-1,-1,-1,-1,-1,-1,-1,-1,-1,-1,-1,-1,-1,-1.0,-1.0,-1,-1,-1,-1,-1,-1,-1,-1,-1,-1,-1,-1,-1,-1,-1.0,-1.0,-1,-1,-1,-1,-1,-1,-1,-1,-1,-1,-1,-1
256121800498,2025-05-13 05:53:39,2,2.0,1.0,0,0,1,1.0,-1.0,-1.0,-1,-1,-1,-1,-1,-1,-1,-1,-1,-1.0,-1.0,-1,-1,-1,-1,-1,-1,-1,-1,-1,-1,-1,-1.0,-1.0,-1,-1,-1,-1,-1,-1,-1,-1,-1,-1,-1,WhatAFuuuuu,0,0,0.312,1,0.04,0.5,-1.0,-1.0,-1,-1,-1,-1,-1,-1,-1,-1,-1,-1,-1,-1,-1,-1,-1,-1,-1,-1,-1,-1.0,-1.0,-1,-1,-1,-1,-1,-1,-1,-1,-1,-1,-1,-1,-1,-1,-1.0,-1.0,-1,-1,-1,-1,-1,-1,-1,-1,-1,-1,-1,-1
